x,y
0.001416,-0.298924
0.013695,0.113388
0.032491,-0.172187
0.039633,-0.140585
0.045495,-0.056499
0.046358,0.375032
0.047119,0.249105
0.069641,0.213497
0.070935,-0.066282
0.076497,-0.014491
0.100997,0.332876
0.106693,0.342229
0.114923,0.379315
0.136818,-0.196423
0.144475,0.739967
0.162046,0.429765
0.173484,0.763245
0.178629,0.647424
0.18349,0.566399
0.194579,0.926705
0.200549,1.073649
0.203697,0.842911
0.206591,0.359909
0.212433,0.635332
0.235461,0.354272
0.244372,0.733748
0.250168,0.175113
0.257421,0.556022
0.262094,1.129844
0.26308,0.532276
0.267389,0.310076
0.275294,0.52588
0.280205,0.440559
0.289652,0.601128
0.290011,0.291954
0.300118,0.816725
0.309056,0.769122
0.321542,0.834723
0.345124,0.985152
0.350132,0.950439
0.350675,0.571794
0.362699,1.631168
0.367418,0.614722
0.368156,0.963096
0.400824,0.654926
0.413427,1.276643
0.417519,0.767505
0.420774,1.772275
0.443426,0.765454
0.447925,0.847117
0.471088,0.902901
0.48007,1.527738
0.484895,0.746957
0.488953,1.261645
0.497943,1.08672
0.503269,1.437606
0.503789,1.087541
0.505371,1.399075
0.508594,1.299966
0.508957,0.88895
0.536623,0.89232
0.561585,1.516873
0.572301,1.197021
0.580791,1.254774
0.590484,1.073365
0.604849,1.246515
0.611798,1.431792
0.623365,2.040692
0.625667,1.509676
0.627344,1.470812
0.635443,1.575895
0.65685,1.927248
0.678124,1.289068
0.696547,1.693181
0.702195,2.017897
0.72372,0.941389
0.747748,2.002337
0.753801,1.951429
0.762593,1.527255
0.770587,1.384067
0.793044,1.016891
0.801681,1.281257
0.802268,1.65048
0.807445,2.003969
0.81165,1.725454
0.821925,1.905294
0.823426,2.013978
0.825504,1.753055
0.836879,2.000129
0.869107,1.573854
0.872774,0.995279
0.875174,1.756806
0.890907,1.660776
0.907879,1.641035
0.914243,1.6514
0.922128,1.872889
0.92216,1.327966
0.923268,1.182327
0.927624,1.383802
0.936741,1.826049
0.960352,1.808357
0.962475,1.454096
0.963703,2.067908
0.968171,1.812653
0.970738,1.903472
0.998565,1.886761
1.012696,1.422332
1.02063,1.492422
1.029937,1.384987
1.031377,1.801353
1.041216,1.630178
1.045365,1.96582
1.049936,1.53368
1.061467,1.867736
1.07219,2.056495
1.079411,1.326652
1.09878,1.929786
1.101433,1.706381
1.106835,1.518283
1.108717,2.292552
1.129295,1.880417
1.150889,1.888118
1.156176,2.226152
1.15871,1.34226
1.19286,1.791628
1.202759,2.007661
1.20726,1.816049
1.218556,1.976676
1.225608,1.772042
1.226045,1.438093
1.229659,1.654289
1.239114,2.052112
1.257166,2.15331
1.266151,2.276155
1.278119,2.28901
1.300327,1.995638
1.30413,1.93468
1.308378,1.252554
1.323883,1.746531
1.332417,1.881443
1.334723,1.775018
1.336309,2.225256
1.340232,2.153665
1.343706,2.677636
1.348148,1.966037
1.359316,1.883512
1.360675,1.58971
1.419296,1.270365
1.431781,1.585072
1.437334,2.066881
1.439059,2.182833
1.445788,1.82484
1.448414,1.7223
1.455456,1.246867
1.460948,1.721996
1.463798,1.899953
1.466878,1.98347
1.474017,1.944593
1.481208,1.815234
1.491008,2.109082
1.498191,1.63709
1.511197,1.538067
1.512183,1.580271
1.526054,1.793164
1.528031,1.811562
1.529782,1.861091
1.530734,1.572426
1.540421,1.340728
1.563287,1.305145
1.567097,1.321498
1.567988,1.226724
1.583276,2.113061
1.585546,1.541259
1.595152,1.736801
1.609379,0.998555
1.631292,0.931261
1.638246,1.365882
1.639638,1.020941
1.654341,1.760645
1.671424,1.482475
1.676093,1.471701
1.683264,1.54196
1.692822,1.040445
1.694871,1.63026
1.706206,1.414051
1.718253,1.159692
1.721315,0.935185
1.721982,0.997552
1.724761,1.296244
1.746538,1.036734
1.760039,1.400281
1.782845,0.861747
1.799736,1.523751
1.840288,1.900473
1.884427,0.860142
1.907437,1.18044
1.931219,1.07371
1.941379,0.611959
1.944273,0.994225
1.949783,0.904522
1.978111,1.643668
1.989225,0.34633
1.998053,1.008888
2.00593,0.587741
2.03418,0.700599
2.075553,-0.099975
2.07572,0.655189
2.109626,0.410441
2.117721,0.58174
2.11903,0.70474
2.131642,0.649908
2.140054,0.195854
2.14917,0.186285
2.158166,0.588197
2.168881,0.171133
2.177202,0.429535
2.177788,0.195443
2.18339,0.984464
2.202292,0.303698
2.212317,0.464184
2.227608,0.708521
2.231085,0.364884
2.237231,0.55616
2.267211,0.307823
2.269993,0.495687
2.275392,0.902817
2.285417,0.200911
2.292506,0.275016
2.298465,-0.167798
2.299129,0.514735
2.315303,0.179574
2.319692,0.542597
2.322295,0.450239
2.33898,0.415137
2.341542,-0.055637
2.344489,-0.057183
2.346218,0.396906
2.366567,0.205018
2.370223,0.504165
2.375028,0.520585
2.375451,0.130768
2.385328,0.231
2.401823,-0.318542
2.406947,-0.004148
2.407905,0.196168
2.409828,0.021637
2.412295,0.132118
2.413361,0.462293
2.424782,0.311998
2.429929,0.21315
2.43592,-0.002682
2.439415,-0.394256
2.450256,0.122166
2.456174,-0.107019
2.462096,0.029766
2.48017,-0.135436
2.480348,0.068018
2.487185,0.335272
2.49027,-0.041453
2.513628,-0.546211
2.526672,-0.737348
2.566804,-0.363352
2.569785,-0.334816
2.593612,-0.534112
2.6026,-0.331021
2.6079,0.417785
2.61252,0.025248
2.614183,-0.033087
2.618889,0.070471
2.622832,0.078243
2.624542,-0.692531
2.636419,-0.567517
2.641417,-0.560207
2.6505,-0.459181
2.65564,-0.208053
2.657458,0.045744
2.658628,-0.354826
2.67071,-0.429256
2.676295,0.099172
2.679218,-0.35605
2.688986,0.168056
2.690833,-0.520116
2.691211,-0.616109
2.696723,-0.381671
2.736317,-0.324569
2.74724,-0.485944
2.756084,-0.444955
2.761854,-0.83227
2.782266,-0.206122
2.788996,-0.186957
2.790761,-0.570606
2.793643,-0.621213
2.793664,-0.147091
2.800387,-0.845689
2.827572,-1.148047
2.831491,-0.512956
2.83174,-0.452346
2.844271,-1.125713
2.873036,-0.44468
2.875121,-0.272328
2.898275,-0.646613
2.898533,-0.359459
2.899662,-0.674977
2.906003,-1.034519
2.923097,-0.249806
2.928698,-0.234383
2.938617,-0.889014
2.974614,-0.639657
2.979727,-0.232124
2.985424,-0.095404
2.995783,-0.328382
2.997731,-1.096246
3.011972,-0.296905
3.037258,-0.49105
3.050456,-0.623586
3.060154,-0.502208
3.085132,-0.908631
3.107222,-0.560076
3.133165,-0.16959
3.135655,-0.874124
3.159349,-0.3466
3.196775,-0.305048
3.20095,-0.786232
3.206983,-0.286375
3.209762,-0.170912
3.210392,-0.728703
3.210568,-0.583239
3.256502,-0.270373
3.264499,-0.786476
3.272252,-0.186272
3.276,-0.103423
3.27721,0.089078
3.285755,-0.189576
3.299101,-0.739556
3.303152,-0.289937
3.320467,-0.032354
3.323047,0.057558
3.325669,-0.820143
3.328286,-0.537161
3.337753,-0.491714
3.354614,-0.593251
3.361394,-0.344273
3.369985,0.02015
3.383751,-0.966408
3.419887,-0.497632
3.442287,-0.534821
3.44996,0.325293
3.476258,-0.858081
3.476922,-0.433278
3.480091,0.258164
3.490904,-0.762803
3.502378,-0.107362
3.508357,-0.356039
3.524106,-0.305946
3.533862,0.409545
3.539206,-0.146111
3.545561,-0.014211
3.560636,-0.307318
3.578756,0.578521
3.579564,0.111102
3.582084,-0.037357
3.588948,-0.024991
3.590645,0.433015
3.597335,0.036267
3.62338,-0.099519
3.630078,-0.138085
3.643988,0.223971
3.652502,0.109501
3.6607,0.519402
3.678821,0.760906
3.687163,0.331877
3.68956,-0.593944
3.705748,0.07382
3.711211,0.069827
3.716722,0.398204
3.747463,0.383517
3.752919,0.833749
3.756688,0.016577
3.774213,0.600055
3.784651,0.064986
3.785355,0.260812
3.804248,0.595228
3.809426,0.466067
3.817969,0.245465
3.825547,0.341061
3.84301,0.589281
3.848585,0.388957
3.867168,0.126578
3.87047,0.658138
3.888392,0.157868
3.909742,0.35199
3.911205,0.883841
3.921831,0.08364
3.923941,0.519431
3.925734,0.837
3.934677,0.820015
3.946911,0.866646
3.956852,0.217559
3.976936,0.630702
3.978537,0.369841
3.979383,0.914533
3.981081,0.998001
3.986404,1.081054
3.990878,1.152633
4.00447,0.879234
4.03013,0.531591
4.068952,0.617447
4.08474,0.345715
4.085775,0.40329
4.089954,1.290958
4.150413,1.043593
4.160412,0.817026
4.161643,0.847914
4.16824,1.526513
4.189301,1.378769
4.189365,1.463156
4.215223,1.563359
4.22626,0.927817
4.226887,1.64297
4.228016,1.681656
4.263204,1.851146
4.289944,1.649182
4.291156,0.942152
4.30127,2.054114
4.305619,1.773265
4.347714,2.008107
4.348109,1.805663
4.356776,1.284499
4.378346,2.003774
4.384711,1.602552
4.387735,1.72556
4.415996,2.205958
4.424116,1.655024
4.430277,1.502827
4.432077,2.040317
4.432155,1.696934
4.478346,2.197718
4.530363,2.112661
4.555715,1.666883
4.569119,1.976084
4.571412,1.732119
4.573706,2.019291
4.574247,1.953973
4.581847,2.330103
4.584903,1.708722
4.595856,2.47539
4.597197,2.135755
4.59961,2.722032
4.610485,2.806837
4.61061,3.029962
4.622557,2.751307
4.623157,1.966363
4.632463,2.442687
4.636717,2.127856
4.647013,2.058216
4.648345,1.271809
4.651951,2.49942
4.652565,3.37783
4.655986,2.136271
4.659318,1.94939
4.672946,2.595312
4.690355,2.517943
4.703087,2.679747
4.708414,2.41457
4.72027,2.028395
4.813855,2.784062
4.818299,2.751391
4.824181,2.307595
4.828354,3.004959
4.829711,1.863882
4.830885,2.690078
4.838872,2.337536
4.841419,2.116609
4.85174,2.629825
4.857538,2.638692
4.869805,2.508052
4.889673,3.138312
4.892952,3.143084
4.899592,3.186009
4.900166,2.639257
4.918677,3.520019
4.932674,2.606409
4.938302,2.789506
4.971105,2.354579
4.979669,3.395411
4.995419,3.51229
4.995484,2.776802
4.998554,3.254264
4.999885,2.387001
5.020841,2.782284
5.022543,2.59338
5.024621,2.609578
5.030277,4.097106
5.037707,3.33712
5.047959,3.106453
5.048409,3.681238
5.052512,3.183269
5.064038,3.257642
5.078573,3.342664
5.086778,4.169728
5.110905,3.430005
5.115792,3.620903
5.143269,3.669663
5.145301,3.580172
5.178047,3.41969
5.206496,3.320185
5.206861,3.485605
5.220769,4.049444
5.228421,4.257019
5.23106,3.636423
5.238971,3.489837
5.252784,2.96251
5.277561,3.459796
5.285137,3.252078
5.286086,3.70894
5.290408,3.360108
5.300613,3.591805
5.308086,2.634453
5.312865,2.505261
5.316377,2.890288
5.321584,2.192662
5.329075,3.706856
5.341368,3.070963
5.349237,2.673376
5.350134,3.089855
5.365789,2.740268
5.407549,3.460371
5.408263,2.547619
5.411989,3.345286
5.418525,3.781274
5.443368,3.936661
5.450967,3.249761
5.459127,3.056222
5.463603,3.376523
5.492433,3.503599
5.499854,4.236092
5.502808,2.209501
5.515795,2.264283
5.518265,3.434024
5.519608,1.928277
5.538945,3.701233
5.556696,3.297083
5.5592,4.213936
5.583773,3.566808
5.585874,2.810787
5.592742,2.990649
5.596811,2.533848
5.597558,2.997566
5.6018,1.390785
5.605665,1.315343
5.614911,1.109388
5.626567,3.552955
5.631534,3.613472
5.631704,2.822426
5.637898,3.063875
5.654188,1.452351
5.68165,2.653386
5.683157,4.482237
5.685694,3.747625
5.689253,3.504627
5.703218,3.818009
5.755797,2.586433
5.76063,2.883884
5.793982,2.623761
5.799382,3.43242
5.814032,3.558854
5.824884,1.544555
5.833746,0.558747
5.842726,3.891828
5.855185,2.899831
5.890897,1.72222
5.904168,2.447826
5.91171,2.695445
5.93699,2.181126
5.938983,1.936316
5.944448,3.827847
5.946343,2.130401
5.973611,3.087364
5.97663,3.524849
5.990717,1.869429
5.997966,0.915405
6.005567,3.194605
6.034093,3.094798
6.034707,3.182181
6.053939,1.900139
6.057042,2.904563
6.065862,1.489328
6.075623,2.836351
6.099397,1.711154
6.105316,2.688932
6.130548,3.658116
6.130683,3.432785
6.139764,2.67856
6.146457,3.196475
6.181614,1.511634
6.183353,0.183251
6.19695,1.32899
6.207433,1.10749
6.211915,1.320663
6.241088,0.767016
6.255271,2.405773
6.263029,1.874513
6.29117,-0.401716
6.292851,1.511914
6.315834,2.003755
6.346747,1.937223
6.355943,1.668286
6.397058,2.436699
6.400681,0.991493
6.409443,2.780877
6.418769,1.935479
6.424107,2.325879
6.456726,0.948272
6.462342,1.757227
6.466811,2.782696
6.472139,2.005362
6.474401,1.328185
6.48352,2.496421
6.504254,2.990166
6.509109,2.476505
6.510163,2.598979
6.512007,2.631241
6.537012,2.213595
6.539242,1.821418
6.543623,2.151143
6.547455,2.890831
6.558555,2.074004
6.562733,-0.504694
6.569472,2.109322
6.574778,2.453743
6.58134,0.586032
6.599028,1.514838
6.607527,2.183587
6.607717,-0.597765
6.612461,0.443357
6.624308,1.535224
6.625359,0.976916
6.627662,2.872748
6.627868,0.544996
6.629031,-1.189659
6.641133,-0.498259
6.653763,1.685875
6.668372,-0.558517
6.679255,2.1022
6.681579,1.824869
6.686777,0.215422
6.690013,0.239769
6.699052,0.83449
6.702194,0.246895
6.721829,0.242894
6.747168,0.130804
6.762309,1.833678
6.762548,1.671253
6.765266,0.95836
6.771371,0.114857
6.774071,1.882852
6.806608,0.274365
6.806628,0.823136
6.809653,1.502564
6.842334,0.675994
6.843886,-1.014118
6.845158,0.569298
6.847529,-0.363865
6.863198,1.927444
6.865171,1.637812
6.871219,1.099449
6.876246,-1.046358
6.876412,1.815139
6.878633,-0.613912
6.885706,2.226818
6.891463,3.433824
6.897644,1.461345
6.899208,1.647871
6.935338,1.371912
6.938635,2.810859
6.946007,-0.336727
6.960541,-0.306138
6.96453,-0.237731
6.995198,0.173092
7.002389,-0.413843
7.012344,0.579723
7.013953,0.902822
7.015216,1.785996
7.037499,0.220548
7.045941,0.038142
7.04842,2.080517
7.053173,0.879116
7.056878,1.147966
7.07082,0.550722
7.073156,0.800705
7.078497,0.948631
7.090481,-0.622218
7.096715,0.196674
7.107015,1.390581
7.108911,-0.580759
7.111908,0.466507
7.116187,-0.083264
7.116423,-0.984844
7.12224,-0.55645
7.132214,0.877235
7.133897,1.327657
7.138303,0.469083
7.142036,1.17105
7.150382,1.678896
7.155458,0.510388
7.160436,0.742673
7.168619,0.120048
7.173925,0.229437
7.176153,-0.855873
7.227304,1.404632
7.233019,-0.100849
7.24996,1.194516
7.260082,0.818414
7.261532,1.20582
7.267168,1.128744
7.275309,1.490431
7.2778,-0.84224
7.278672,0.861374
7.282764,1.141671
7.285205,1.60356
7.287858,0.634714
7.307849,0.941856
7.317045,1.065025
7.330139,1.49537
7.336618,1.596462
7.344995,1.064082
7.345738,-0.275258
7.364389,0.586124
7.370922,0.483318
7.412686,0.094311
7.417295,-0.048798
7.417792,-0.63794
7.429146,-0.62046
7.433818,0.804288
7.464027,-0.377698
7.467665,1.004728
7.510451,0.673352
7.511101,1.13204
7.529013,1.473628
7.530933,1.552437
7.536419,0.274243
7.555866,1.407184
7.559364,0.393126
7.587065,2.040541
7.588673,1.826539
7.58928,1.301964
7.59296,1.004136
7.594173,1.447119
7.613336,0.615448
7.6176,0.924196
7.617881,0.773014
7.624258,1.830845
7.646812,2.501031
7.65196,0.978691
7.654253,0.823878
7.666678,0.957806
7.67651,0.549817
7.709333,1.25837
7.719638,1.340836
7.726939,0.69401
7.729157,1.139959
7.739322,1.292689
7.743134,1.113246
7.749822,1.297617
7.769862,0.78421
7.773115,1.051805
7.776158,0.415665
7.776754,0.867535
7.786393,1.663679
7.79406,0.46411
7.795814,0.708503
7.808563,0.460639
7.808787,0.902168
7.814225,1.448791
7.824858,1.414291
7.827161,1.417028
7.838504,0.888507
7.876795,1.836438
7.894769,0.468174
7.924927,0.888577
7.930755,1.244192
7.931967,1.398346
7.932164,1.207468
7.935809,1.36278
7.93645,1.868776
7.958311,2.106162
7.972902,2.442554
7.974078,0.964822
7.975433,1.279939
7.984714,1.670808
8.000613,1.45745
8.004717,2.318236
8.008793,0.971349
8.008945,1.174146
8.017737,1.538184
8.026912,1.781822
8.036561,2.562417
8.039081,0.964129
8.06037,1.597179
8.062627,2.171794
8.076484,1.334245
8.078112,0.745867
8.078684,1.294352
8.095038,1.194551
8.101765,2.295909
8.113978,2.589615
8.141041,1.429194
8.142368,2.932509
8.166824,1.566751
8.188872,2.427475
8.203742,2.918377
8.205555,1.788027
8.233672,2.469719
8.246147,2.74711
8.257167,2.084395
8.261005,1.923584
8.264485,2.122186
8.267747,2.215434
8.28137,2.558698
8.328833,2.913397
8.333212,2.088054
8.342929,1.982113
8.345087,2.589019
8.34732,2.099089
8.34999,2.468513
8.355116,2.742935
8.367148,1.941464
8.374808,2.421941
8.377819,3.520325
8.38716,1.942958
8.389364,2.60084
8.389391,2.184084
8.411203,2.039161
8.419876,1.923092
8.423194,2.323402
8.423398,2.749526
8.423487,2.452031
8.433362,2.232897
8.445238,1.990209
8.447407,2.809294
8.482064,1.991255
8.48259,2.522643
8.486666,2.754584
8.510707,2.748086
8.51169,2.861342
8.515671,3.213972
8.519889,2.987463
8.53144,2.536916
8.541322,2.892605
8.553834,2.801225
8.568067,3.034406
8.581809,2.321804
8.585458,3.748871
8.595962,3.545736
8.612349,3.175388
8.623263,2.459224
8.648303,3.644395
8.657333,3.473926
8.676154,3.564733
8.698242,3.492174
8.740142,3.637076
8.746971,3.616646
8.760607,3.633413
8.766256,3.305353
8.786072,3.217562
8.794153,3.945478
8.81665,3.227252
8.820485,2.61816
8.82787,3.984172
8.840366,3.676633
8.874555,3.744842
8.880508,3.444569
8.887416,4.026931
8.888828,4.186068
8.894763,3.538149
8.900094,3.27579
8.918783,3.559413
8.920756,3.467692
8.940489,3.956838
8.946509,3.650065
8.948083,3.565303
8.948107,4.365987
8.957603,3.934593
8.961761,3.397054
8.965988,3.732449
8.971339,3.808399
8.979688,3.642459
8.988866,3.64216
9.00604,4.566707
9.014929,3.997626
9.016403,4.021695
9.019072,4.094359
9.023594,3.71922
9.037118,4.169567
9.040399,4.160388
9.048703,4.166211
9.064126,3.938437
9.064557,3.683777
9.071714,4.133525
9.079881,4.490449
9.089552,4.030707
9.089633,3.883837
9.090841,4.348345
9.097241,4.162627
9.098116,3.957467
9.098705,3.998649
9.102318,4.165767
9.104796,3.690959
9.115926,4.021225
9.13325,4.127945
9.140642,4.483035
9.14298,4.042437
9.145244,4.726813
9.157519,3.469846
9.158818,4.154297
9.163491,4.742373
9.164301,4.309825
9.165142,4.010198
9.170682,3.915476
9.172438,4.157365
9.196097,4.352768
9.19826,4.223775
9.198513,4.312096
9.209816,4.642055
9.221525,4.281505
9.226467,3.947724
9.227308,4.77466
9.231391,4.10856
9.238578,4.383553
9.246091,4.589543
9.2495,4.297711
9.252412,4.313841
9.260801,4.363915
9.266815,4.42702
9.270846,4.204154
9.27443,3.756416
9.286574,4.594435
9.294899,4.439422
9.296173,3.826145
9.301701,4.359763
9.328645,4.627338
9.331173,3.895424
9.333679,4.869515
9.340366,4.373727
9.340912,3.549611
9.347121,4.216621
9.354501,4.217741
9.366465,3.842254
9.374791,4.797064
9.377099,4.129712
9.379314,4.15584
9.389876,3.888853
9.407984,3.93404
9.427386,4.274096
9.428641,4.620073
9.447164,4.497284
9.45162,3.829438
9.456742,4.283628
9.461672,4.603662
9.466172,4.301613
9.480978,4.076514
9.483904,4.323352
9.499147,4.238578
9.537139,4.49022
9.558591,4.347324
9.582081,4.84053
9.596035,4.148957
9.623481,4.25203
9.630439,4.077875
9.637691,4.330927
9.642879,4.34818
9.650057,3.9118
9.655775,4.184399
9.664759,3.597431
9.665873,4.084742
9.676993,4.389799
9.681548,4.608845
9.702586,4.407363
9.725498,4.114579
9.74326,4.417776
9.748534,4.299614
9.759858,4.461386
9.799197,4.485776
9.822232,3.755623
9.828601,3.94706
9.838073,4.264705
9.842868,3.765862
9.861923,3.981918
9.866922,3.622168
9.881333,3.677658
9.894531,4.033109
9.902163,4.143015
9.93145,3.983701
9.935464,3.91188
9.936107,4.714821
9.941824,4.159472
9.958376,3.70101
9.982752,4.068243
9.986814,4.068123
9.992324,3.586362
