,circular,ratio_a,ratio_b,ratio_pitch,ratio_top_diameter,ratio_shear_modulus,n_longerons,n_storeys,twist_angle,twist_rate_total,ratio_brace_height,ratio_a_lig,ratio_b_lig,chirality_offset
0,12.0,0.022644,0.0226666666666666,0.68,0.04,0.3677,3.0,1.0,0.0,0.5236,,,,
1,9.0,0.009213,0.033238,0.681277,0.04444,0.3677,3.0,1.0,0.0,,0.5,0.004,0.008,0.15
2,9.0,0.009213,0.033238,0.681277,0.04444,0.3677,3.0,1.0,0.0,,0.6456284957937896,0.0028762785047292,0.0257763969637453,0.0215732004493475
3,9.0,0.009213,0.033238,0.681277,0.04444,0.3677,3.0,1.0,0.0,,0.9359461786225438,0.0127154773864895,0.028474343471229,-0.2261903844773769
4,12.0,0.0268576120655052,0.045130281604175,1.3172062961384654,0.1951567530632019,0.3677,3.0,1.0,0.0,0.6373979070391319,,,,
5,9.0,0.009213,0.033238,0.681277,0.04444,0.3677,3.0,1.0,0.0,,0.9359461786225438,0.0127154773864895,0.028474343471229,-0.2261903844773769
6,12.0,0.0180817355263918,0.0180998353617535,0.9616771466098726,0.7188302576541901,0.3677,3.0,1.0,0.0,1.6125038739534747,,,,
7,9.0,0.009213,0.033238,0.681277,0.04444,0.3677,3.0,1.0,0.0,,0.4478022444993257,0.0102888041771948,0.0198086661621928,0.254555589146912
8,9.0,0.009213,0.033238,0.681277,0.04444,0.3677,3.0,1.0,0.0,,0.8155269204638899,0.0186959540946409,0.0121560925282537,-0.0812699038535356
9,12.0,0.0268576120655052,0.045130281604175,1.3172062961384654,0.1951567530632019,0.3677,3.0,1.0,0.0,0.6373979070391319,,,,
10,9.0,0.009213,0.033238,0.681277,0.04444,0.3677,3.0,1.0,0.0,,0.9421921105124056,0.0165336375115439,0.0259460528828203,-0.085088562592864
11,9.0,0.009213,0.033238,0.681277,0.04444,0.3677,3.0,1.0,0.0,,0.4478022444993257,0.0102888041771948,0.0198086661621928,0.254555589146912
12,12.0,0.0168048345829751,0.0168216562392143,1.1816632896661758,0.5796908624470234,0.3677,3.0,1.0,0.0,0.1049904317034687,,,,
13,9.0,0.009213,0.033238,0.681277,0.04444,0.3677,3.0,1.0,0.0,,0.7731365423649549,0.0042095088977366,0.0225357785001397,-0.2072027323767543
14,9.0,0.009213,0.033238,0.681277,0.04444,0.3677,3.0,1.0,0.0,,0.4056528410874306,0.0146910307491198,0.0096323493309319,0.0523729305714368
15,12.0,0.0120716861468175,0.0120837699167343,0.8084470322355628,0.3885453671216965,0.3677,3.0,1.0,0.0,1.0104975299879628,,,,
16,12.0,0.0106077650107148,0.0106183833941089,0.3574803061783314,0.7864117480814458,0.3677,3.0,1.0,0.0,1.2905294145110997,,,,
17,12.0,0.0143822787155837,0.0143966753909747,0.7056877003051341,0.1119563736021518,0.3677,3.0,1.0,0.0,2.6721907978446127,,,,
18,9.0,0.009213,0.033238,0.681277,0.04444,0.3677,3.0,1.0,0.0,,0.5874204915948212,0.0140347994789481,0.0178244370706379,0.1168789280578493
19,12.0,0.0143822787155837,0.0143966753909747,0.7056877003051341,0.1119563736021518,0.3677,3.0,1.0,0.0,2.6721907978446127,,,,
20,12.0,0.0314546280358752,0.0314861141500252,0.7799189267680049,0.0229318648576736,0.3677,3.0,1.0,0.0,3.07854702350636,,,,
21,9.0,0.009213,0.033238,0.681277,0.04444,0.3677,3.0,1.0,0.0,,0.7731365423649549,0.0042095088977366,0.0225357785001397,-0.2072027323767543
22,12.0,0.0271179512214891,0.0271450963178069,1.0316370762884617,0.6078544802963735,0.3677,3.0,1.0,0.0,1.9637431041759903,,,,
23,9.0,0.009213,0.033238,0.681277,0.04444,0.3677,3.0,1.0,0.0,,0.2770668381825089,0.0161221301220357,0.0277159821763634,0.1979584671556949
24,12.0,0.0078834625892368,0.00789135394318,0.6977321612648666,0.0540408216416835,0.3677,3.0,1.0,0.0,3.1143353471829647,,,,
25,12.0,0.0196905448397861,0.019710255094881,1.2084413608536124,0.2169927179813385,0.3677,3.0,1.0,0.0,1.9080547782668285,,,,
26,12.0,0.0077174818826671,0.0077252070897569,0.4445349550805986,0.6973050564527512,0.3677,3.0,1.0,0.0,0.9116793960693106,,,,
27,12.0,0.0180817355263918,0.0180998353617535,0.9616771466098726,0.7188302576541901,0.3677,3.0,1.0,0.0,1.6125038739534747,,,,
28,9.0,0.009213,0.033238,0.681277,0.04444,0.3677,3.0,1.0,0.0,,0.5450859067961573,0.0089367725150659,0.0150926397070288,0.1760243229568004
29,12.0,0.0058377250209007,0.0058435685894902,0.5285979001782835,0.5128912001848221,0.3677,3.0,1.0,0.0,2.7827009084256367,,,,
30,9.0,0.009213,0.033238,0.681277,0.04444,0.3677,3.0,1.0,0.0,,0.5874204915948212,0.0140347994789481,0.0178244370706379,0.1168789280578493
31,12.0,0.0077174818826671,0.0077252070897569,0.4445349550805986,0.6973050564527512,0.3677,3.0,1.0,0.0,0.9116793960693106,,,,
32,12.0,0.0196905448397861,0.019710255094881,1.2084413608536124,0.2169927179813385,0.3677,3.0,1.0,0.0,1.9080547782668285,,,,
33,12.0,0.0026855184277519,0.0165833887606925,1.449298317078501,0.3061268039047718,0.3677,3.0,1.0,0.0,2.2591997498312777,,,,
34,9.0,0.009213,0.033238,0.681277,0.04444,0.3677,3.0,1.0,0.0,,0.7158074125647544,0.0173350006015971,0.0088325753882527,0.2717339890077709
35,9.0,0.009213,0.033238,0.681277,0.04444,0.3677,3.0,1.0,0.0,,0.1776047770865261,0.0195342520680278,0.0170652212835848,-0.0121041940525173
36,9.0,0.009213,0.033238,0.681277,0.04444,0.3677,3.0,1.0,0.0,,0.7158074125647544,0.0173350006015971,0.0088325753882527,0.2717339890077709
37,12.0,0.0120716861468175,0.0120837699167343,0.8084470322355628,0.3885453671216965,0.3677,3.0,1.0,0.0,1.0104975299879628,,,,
38,9.0,0.009213,0.033238,0.681277,0.04444,0.3677,3.0,1.0,0.0,,0.2770668381825089,0.0161221301220357,0.0277159821763634,0.1979584671556949
39,9.0,0.009213,0.033238,0.681277,0.04444,0.3677,3.0,1.0,0.0,,0.0568765737116336,0.0112463191887363,0.0063113956674933,-0.1664501471444964
40,12.0,0.0098690036462733,0.0098788825288021,0.9487350224517286,0.4906939387321472,0.3677,3.0,1.0,0.0,0.5390517510558944,,,,
41,9.0,0.009213,0.033238,0.681277,0.04444,0.3677,3.0,1.0,0.0,,0.1347936794161796,0.0166615842645987,0.015550136540085,0.1481521541252732
42,12.0,0.0058377250209007,0.0058435685894902,0.5285979001782835,0.5128912001848221,0.3677,3.0,1.0,0.0,2.7827009084256367,,,,
43,9.0,0.009213,0.033238,0.681277,0.04444,0.3677,3.0,1.0,0.0,,0.6456284957937896,0.0028762785047292,0.0257763969637453,0.0215732004493475
44,12.0,0.0038586358587314,0.0038624983570884,0.2932328879833221,0.4020255722105503,0.3677,3.0,1.0,0.0,2.376250377292484,,,,
45,9.0,0.009213,0.033238,0.681277,0.04444,0.3677,3.0,1.0,0.0,,0.0568765737116336,0.0112463191887363,0.0063113956674933,-0.1664501471444964
46,9.0,0.009213,0.033238,0.681277,0.04444,0.3677,3.0,1.0,0.0,,0.1776047770865261,0.0195342520680278,0.0170652212835848,-0.0121041940525173
47,12.0,0.0168048345829751,0.0168216562392143,1.1816632896661758,0.5796908624470234,0.3677,3.0,1.0,0.0,0.1049904317034687,,,,
48,9.0,0.009213,0.033238,0.681277,0.04444,0.3677,3.0,1.0,0.0,,0.2197001105174422,0.0055209510838612,0.0141027110293507,-0.299843169003725
49,9.0,0.009213,0.033238,0.681277,0.04444,0.3677,3.0,1.0,0.0,,0.8155269204638899,0.0186959540946409,0.0121560925282537,-0.0812699038535356
50,9.0,0.009213,0.033238,0.681277,0.04444,0.3677,3.0,1.0,0.0,,0.2197001105174422,0.0055209510838612,0.0141027110293507,-0.299843169003725
51,12.0,0.0070862229142336,0.0070933162304641,0.5797923901118338,0.277542195469141,0.3677,3.0,1.0,0.0,1.3892531025183297,,,,
52,9.0,0.009213,0.033238,0.681277,0.04444,0.3677,3.0,1.0,0.0,,0.0851586606353521,0.0171266436083242,0.0173035233989357,0.1888125825673342
53,12.0,0.0135393678508117,0.0135529207715833,1.305358522571623,0.6156597122550012,0.3677,3.0,1.0,0.0,1.2729177243602927,,,,
54,12.0,0.0070862229142336,0.0070933162304641,0.5797923901118338,0.277542195469141,0.3677,3.0,1.0,0.0,1.3892531025183297,,,,
55,9.0,0.009213,0.033238,0.681277,0.04444,0.3677,3.0,1.0,0.0,,0.3474038996733725,0.0020808883169665,0.0033143898285925,0.1094473091885447
56,12.0,0.0038586358587314,0.0038624983570884,0.2932328879833221,0.4020255722105503,0.3677,3.0,1.0,0.0,2.376250377292484,,,,
57,12.0,0.0106077650107148,0.0106183833941089,0.3574803061783314,0.7864117480814458,0.3677,3.0,1.0,0.0,1.2905294145110997,,,,
58,9.0,0.009213,0.033238,0.681277,0.04444,0.3677,3.0,1.0,0.0,,0.7261703274212777,0.014611217754893,0.0020355173870921,0.2123859722167253
59,12.0,0.0077846522328679,0.0077924446775454,0.7253065761178732,0.7525659129023552,0.3677,3.0,1.0,0.0,0.3357344563165214,,,,
60,9.0,0.009213,0.033238,0.681277,0.04444,0.3677,3.0,1.0,0.0,,0.0851586606353521,0.0171266436083242,0.0173035233989357,0.1888125825673342
61,9.0,0.009213,0.033238,0.681277,0.04444,0.3677,3.0,1.0,0.0,,0.4184515755623578,0.0036849700324237,0.029819852951914,-0.0484738519415259
62,9.0,0.009213,0.033238,0.681277,0.04444,0.3677,3.0,1.0,0.0,,0.1272677118889987,0.0068905879836529,0.0230484301336109,-0.1447269950062036
63,12.0,0.0098690036462733,0.0098788825288021,0.9487350224517286,0.4906939387321472,0.3677,3.0,1.0,0.0,0.5390517510558944,,,,
64,9.0,0.009213,0.033238,0.681277,0.04444,0.3677,3.0,1.0,0.0,,0.4056528410874306,0.0146910307491198,0.0096323493309319,0.0523729305714368
65,9.0,0.009213,0.033238,0.681277,0.04444,0.3677,3.0,1.0,0.0,,0.3474038996733725,0.0020808883169665,0.0033143898285925,0.1094473091885447
66,12.0,0.0271179512214891,0.0271450963178069,1.0316370762884617,0.6078544802963735,0.3677,3.0,1.0,0.0,1.9637431041759903,,,,
67,9.0,0.009213,0.033238,0.681277,0.04444,0.3677,3.0,1.0,0.0,,0.5450859067961573,0.0089367725150659,0.0150926397070288,0.1760243229568004
68,12.0,0.0331103787022147,0.0331435222244392,0.8886009720154107,0.3328248396515846,0.3677,3.0,1.0,0.0,2.484014797766441,,,,
69,12.0,0.0066484125538365,0.006655067621458,0.3498273259028792,0.4027318812906742,0.3677,3.0,1.0,0.0,1.190821961739892,,,,
70,12.0,0.0026855184277519,0.0165833887606925,1.449298317078501,0.3061268039047718,0.3677,3.0,1.0,0.0,2.2591997498312777,,,,
71,9.0,0.009213,0.033238,0.681277,0.04444,0.3677,3.0,1.0,0.0,,0.3355247982777655,0.0160853614844381,0.0148842972069978,0.26191061809659
72,12.0,0.0252243799128921,0.0252496295424345,1.1096802363172174,0.3758273392915726,0.3677,3.0,1.0,0.0,0.1691395781392231,,,,
73,9.0,0.009213,0.033238,0.681277,0.04444,0.3677,3.0,1.0,0.0,,0.414664374385029,0.0101468460848554,0.0287104813493788,0.2065720908343791
74,12.0,0.0139100479201944,0.0139239718920865,1.2002931393217295,0.5095067717134952,0.3677,3.0,1.0,0.0,0.8887976972069778,,,,
75,12.0,0.0077028328576834,0.0077105434010845,0.7271781817544252,0.1746321126818657,0.3677,3.0,1.0,0.0,1.4875606696810666,,,,
76,9.0,0.009213,0.033238,0.681277,0.04444,0.3677,3.0,1.0,0.0,,0.4761551006697118,0.0085204441761597,0.0280083562694489,-0.0709544727578759
77,12.0,0.0249809817615742,0.0250059877493235,1.4206471210345626,0.216663484275341,0.3677,3.0,1.0,0.0,0.9966687233571616,,,,
78,12.0,0.0242581197161387,0.024282402118257,1.2343669552356005,0.5592367246747018,0.3677,3.0,1.0,0.0,1.509289317968115,,,,
79,9.0,0.009213,0.033238,0.681277,0.04444,0.3677,3.0,1.0,0.0,,0.1272677118889987,0.0068905879836529,0.0230484301336109,-0.1447269950062036
80,9.0,0.009213,0.033238,0.681277,0.04444,0.3677,3.0,1.0,0.0,,0.5152687128633261,0.0139257849212735,0.006350312821567,-0.0712541012093424
81,12.0,0.0252243799128921,0.0252496295424345,1.1096802363172174,0.3758273392915726,0.3677,3.0,1.0,0.0,0.1691395781392231,,,,
82,12.0,0.0065212135354485,0.0065277412767252,0.4329569472465664,0.344094131141901,0.3677,3.0,1.0,0.0,0.4701347508926782,,,,
83,12.0,0.0065339326650181,0.0065404731381563,0.4552301471121609,0.1270461067557335,0.3677,3.0,1.0,0.0,2.108318345276881,,,,
84,12.0,0.0112480390308368,0.0112592983291659,0.9114257104229182,0.7717033572494985,0.3677,3.0,1.0,0.0,1.2417043834544903,,,,
85,12.0,0.0213670465107838,0.0213884349457295,1.3577589995693415,0.648811399191618,0.3677,3.0,1.0,0.0,0.9068938088638708,,,,
86,9.0,0.009213,0.033238,0.681277,0.04444,0.3677,3.0,1.0,0.0,,0.184683798905462,0.0192663328284397,0.0182139916568994,-0.2121806653216481
87,9.0,0.009213,0.033238,0.681277,0.04444,0.3677,3.0,1.0,0.0,,0.4761551006697118,0.0085204441761597,0.0280083562694489,-0.0709544727578759
88,9.0,0.009213,0.033238,0.681277,0.04444,0.3677,3.0,1.0,0.0,,0.3098061580210924,0.0179205467151477,0.0172183460853993,0.2317243197932839
89,12.0,0.0103866345748755,0.0103970316064819,0.8501463485881686,0.1339518427848816,0.3677,3.0,1.0,0.0,1.421198437273493,,,,
90,12.0,0.004509511354845,0.0161762427065713,0.6811780049465597,0.3013150610029698,0.3677,3.0,1.0,0.0,1.047675136051755,,,,
91,12.0,0.0112480390308368,0.0112592983291659,0.9114257104229182,0.7717033572494985,0.3677,3.0,1.0,0.0,1.2417043834544903,,,,
92,12.0,0.0109859514466054,0.0109969483950004,1.0779604418203237,0.6674577623605729,0.3677,3.0,1.0,0.0,2.522746717866548,,,,
93,12.0,0.0519520037226063,0.0520040077303366,1.461515860632062,0.3209820076823235,0.3677,3.0,1.0,0.0,1.1503993749761487,,,,
94,9.0,0.009213,0.033238,0.681277,0.04444,0.3677,3.0,1.0,0.0,,0.6040794562548399,0.0060983710810542,0.0138048699386417,0.005082312785089
95,12.0,0.0519520037226063,0.0520040077303366,1.461515860632062,0.3209820076823235,0.3677,3.0,1.0,0.0,1.1503993749761487,,,,
96,9.0,0.009213,0.033238,0.681277,0.04444,0.3677,3.0,1.0,0.0,,0.3098061580210924,0.0179205467151477,0.0172183460853993,0.2317243197932839
97,9.0,0.009213,0.033238,0.681277,0.04444,0.3677,3.0,1.0,0.0,,0.0984549608081579,0.0113758186716586,0.0103819319233298,0.1126465134322643
98,9.0,0.009213,0.033238,0.681277,0.04444,0.3677,3.0,1.0,0.0,,0.3046219995245337,0.0090399106619879,0.0251711754389107,0.1561407068744301
99,9.0,0.009213,0.033238,0.681277,0.04444,0.3677,3.0,1.0,0.0,,0.0547020054422318,0.0073416677685454,0.0139722967408597,0.0847588682547211
100,12.0,0.0109859514466054,0.0109969483950004,1.0779604418203237,0.6674577623605729,0.3677,3.0,1.0,0.0,2.522746717866548,,,,
101,12.0,0.0077028328576834,0.0077105434010845,0.7271781817544252,0.1746321126818657,0.3677,3.0,1.0,0.0,1.4875606696810666,,,,
102,9.0,0.009213,0.033238,0.681277,0.04444,0.3677,3.0,1.0,0.0,,0.4057224033400416,0.0021580110145732,0.0233320495933294,0.0174843410030007
103,12.0,0.0066484125538365,0.006655067621458,0.3498273259028792,0.4027318812906742,0.3677,3.0,1.0,0.0,1.190821961739892,,,,
104,9.0,0.009213,0.033238,0.681277,0.04444,0.3677,3.0,1.0,0.0,,0.6705983395688235,0.0057724457755684,0.016647044442594,-0.2649055268615484
105,12.0,0.0213670465107838,0.0213884349457295,1.3577589995693415,0.648811399191618,0.3677,3.0,1.0,0.0,0.9068938088638708,,,,
106,12.0,0.0174504510875911,0.0174679190065977,1.4208157889877395,0.3865269452472158,0.3677,3.0,1.0,0.0,1.0596540471724796,,,,
107,9.0,0.009213,0.033238,0.681277,0.04444,0.3677,3.0,1.0,0.0,,0.0547020054422318,0.0073416677685454,0.0139722967408597,0.0847588682547211
108,9.0,0.009213,0.033238,0.681277,0.04444,0.3677,3.0,1.0,0.0,,0.391145650949329,0.0113173523200675,0.0133979443982243,-0.2520828835666179
109,12.0,0.0193801147597713,0.0193995142740454,1.051580975530669,0.4190835550427437,0.3677,3.0,1.0,0.0,0.0164130814191792,,,,
110,12.0,0.0103866345748755,0.0103970316064819,0.8501463485881686,0.1339518427848816,0.3677,3.0,1.0,0.0,1.421198437273493,,,,
111,9.0,0.009213,0.033238,0.681277,0.04444,0.3677,3.0,1.0,0.0,,0.3501370714977383,0.0011933200797066,0.0097384226396679,-0.0930345576256513
112,12.0,0.0223817259175105,0.022404130047558,0.7265539558138698,0.2601495839655399,0.3677,3.0,1.0,0.0,1.6240928173825515,,,,
113,9.0,0.009213,0.033238,0.681277,0.04444,0.3677,3.0,1.0,0.0,,0.0984549608081579,0.0113758186716586,0.0103819319233298,0.1126465134322643
114,9.0,0.009213,0.033238,0.681277,0.04444,0.3677,3.0,1.0,0.0,,0.2073531363159418,0.0063991074943915,0.0160634399428963,0.2336319632828236
115,12.0,0.0164662610392801,0.0164827437830632,0.8855881516356021,0.1782745808362961,0.3677,3.0,1.0,0.0,1.9341005321951583,,,,
116,12.0,0.0198839397561307,0.0199038435997305,1.2683595470152795,0.2204963654279709,0.3677,3.0,1.0,0.0,0.1227267740726843,,,,
117,9.0,0.009213,0.033238,0.681277,0.04444,0.3677,3.0,1.0,0.0,,0.3046219995245337,0.0090399106619879,0.0251711754389107,0.1561407068744301
118,12.0,0.0397014188016697,0.0397411599616314,1.1766280638985336,0.2326985031366348,0.3677,3.0,1.0,0.0,0.8776413646210544,,,,
119,12.0,0.0397014188016697,0.0397411599616314,1.1766280638985336,0.2326985031366348,0.3677,3.0,1.0,0.0,0.8776413646210544,,,,
120,9.0,0.009213,0.033238,0.681277,0.04444,0.3677,3.0,1.0,0.0,,0.6040794562548399,0.0060983710810542,0.0138048699386417,0.005082312785089
121,12.0,0.0164662610392801,0.0164827437830632,0.8855881516356021,0.1782745808362961,0.3677,3.0,1.0,0.0,1.9341005321951583,,,,
122,12.0,0.006533301067276,0.0065398409081842,0.4551178839969454,0.1271273715146209,0.3677,3.0,1.0,0.0,2.108266523099625,,,,
123,12.0,0.0065339324674964,0.0065404729404369,0.4552301325899983,0.1270461306435155,0.3677,3.0,1.0,0.0,2.0987467573477896,,,,
124,12.0,0.0065339327964027,0.0065404732696724,0.4552301559596913,0.1222273749170946,0.3677,3.0,1.0,0.0,2.108318371924045,,,,
125,12.0,0.004509511354845,0.0161762427065713,0.6811780049465597,0.3013150610029698,0.3677,3.0,1.0,0.0,1.047675136051755,,,,
126,12.0,0.0198839397561307,0.0199038435997305,1.2683595470152795,0.2204963654279709,0.3677,3.0,1.0,0.0,0.1227267740726843,,,,
127,9.0,0.009213,0.033238,0.681277,0.04444,0.3677,3.0,1.0,0.0,,0.3014259429648518,0.0123432906083762,0.0053625516407191,0.1447814706712961
128,12.0,0.0067581986692342,0.0067649636328671,0.4708551471121609,0.1270463940647014,0.3677,3.0,1.0,0.0,2.1083183228954736,,,,
129,12.0,0.00412560656384,0.0041297363001401,0.3923079625237733,0.1823158785700798,0.3677,3.0,1.0,0.0,2.5738190115582755,,,,
130,12.0,0.006336863685845,0.0063432068927378,0.4454645221121609,0.1332961067557335,0.3677,3.0,1.0,0.0,2.132862017151881,,,,
131,12.0,0.0223817259175105,0.022404130047558,0.7265539558138698,0.2601495839655399,0.3677,3.0,1.0,0.0,1.6240928173825515,,,,
132,9.0,0.009213,0.033238,0.681277,0.04444,0.3677,3.0,1.0,0.0,,0.391145650949329,0.0113173523200675,0.0133979443982243,-0.2520828835666179
133,12.0,0.0065931009364057,0.0065997006370427,0.4552276878207935,0.1270538512926745,0.3677,3.0,1.0,0.0,2.108722295543573,,,,
134,9.0,0.009213,0.033238,0.681277,0.04444,0.3677,3.0,1.0,0.0,,0.2073531363159418,0.0063991074943915,0.0160634399428963,0.2336319632828236
135,12.0,0.0139100479201944,0.0139239718920865,1.2002931393217295,0.5095067717134952,0.3677,3.0,1.0,0.0,0.8887976972069778,,,,
136,9.0,0.009213,0.033238,0.681277,0.04444,0.3677,3.0,1.0,0.0,,0.7873454557731747,0.0162333117490634,0.0282485604174435,-0.2316921779885888
137,9.0,0.009213,0.033238,0.681277,0.04444,0.3677,3.0,1.0,0.0,,0.3795654230751096,0.0077702905591577,0.0048363678790628,0.2815276131033897
138,12.0,0.0073899026476942,0.0073972999476418,0.5101952633159568,0.6072647625275034,0.3677,3.0,1.0,0.0,1.9884316243653275,,,,
139,12.0,0.0064517001853134,0.006458158343657,0.4454645221121609,0.1332961067557335,0.3677,3.0,1.0,0.0,2.083774673401881,,,,
140,12.0,0.006336863685845,0.0063432068927378,0.4454645221121609,0.1207961067557334,0.3677,3.0,1.0,0.0,2.083774673401881,,,,
141,12.0,0.0066550719845656,0.0066617337182839,0.4648835708917095,0.1270451056249723,0.3677,3.0,1.0,0.0,2.108319383868641,,,,
142,12.0,0.0065932136169665,0.0065998134303969,0.4552354679703285,0.1332961067557335,0.3677,3.0,1.0,0.0,2.132862017151881,,,,
143,9.0,0.009213,0.033238,0.681277,0.04444,0.3677,3.0,1.0,0.0,,0.7873454557731747,0.0162333117490634,0.0282485604174435,-0.2316921779885888
144,9.0,0.009213,0.033238,0.681277,0.04444,0.3677,3.0,1.0,0.0,,0.663990528229624,0.0133317369353026,0.0238241962566971,0.0628633931279182
145,9.0,0.009213,0.033238,0.681277,0.04444,0.3677,3.0,1.0,0.0,,0.4571437054313719,0.0147723447149619,0.023618862889707,-0.011929752677679
146,9.0,0.009213,0.033238,0.681277,0.04444,0.3677,3.0,1.0,0.0,,0.3795654230751096,0.0077702905591577,0.0048363678790628,0.2815276131033897
147,12.0,0.0193801147597713,0.0193995142740454,1.051580975530669,0.4190835550427437,0.3677,3.0,1.0,0.0,0.0164130814191792,,,,
148,12.0,0.0282053576171778,0.0282335912083862,1.0101124932989478,0.2245119623839855,0.3677,3.0,1.0,0.0,2.5041251352569365,,,,
149,12.0,0.0066147014545574,0.0066213227773347,0.4649957721121609,0.1207961067557334,0.3677,3.0,1.0,0.0,2.132862017151881,,,,
150,9.0,0.009213,0.033238,0.681277,0.04444,0.3677,3.0,1.0,0.0,,0.7727143090218306,0.0032189181512221,0.0293082590810954,0.0974210120737552
151,12.0,0.006336863685845,0.0063432068927378,0.4454645221121609,0.1207961067557334,0.3677,3.0,1.0,0.0,2.132862017151881,,,,
152,12.0,0.0064517001853134,0.006458158343657,0.4454645221121609,0.1207961067557334,0.3677,3.0,1.0,0.0,2.132862017151881,,,,
153,9.0,0.009213,0.033238,0.681277,0.04444,0.3677,3.0,1.0,0.0,,0.4057224033400416,0.0021580110145732,0.0233320495933294,0.0174843410030007
154,12.0,0.0066147014545574,0.0066213227773347,0.4649957721121609,0.1332961067557335,0.3677,3.0,1.0,0.0,2.083774673401881,,,,
155,12.0,0.0067345729237459,0.0067413142379839,0.4649957721121609,0.1207961067557334,0.3677,3.0,1.0,0.0,2.132862017151881,,,,
156,12.0,0.0067345729237459,0.0067413142379839,0.4649957721121609,0.1332961067557335,0.3677,3.0,1.0,0.0,2.083774673401881,,,,
157,9.0,0.009213,0.033238,0.681277,0.04444,0.3677,3.0,1.0,0.0,,0.3501370714977383,0.0011933200797066,0.0097384226396679,-0.0930345576256513
158,9.0,0.009213,0.033238,0.681277,0.04444,0.3677,3.0,1.0,0.0,,0.2689328121952712,0.0186246136166155,0.0279753526821732,0.2298783358186483
159,9.0,0.009213,0.033238,0.681277,0.04444,0.3677,3.0,1.0,0.0,,0.3014259429648518,0.0123432906083762,0.0053625516407191,0.1447814706712961
160,9.0,0.009213,0.033238,0.681277,0.04444,0.3677,3.0,1.0,0.0,,0.4571437054313719,0.0147723447149619,0.023618862889707,-0.011929752677679
161,12.0,0.0226045714538857,0.0226271986525382,1.3617332568392158,0.0630060754716396,0.3677,3.0,1.0,0.0,0.5492655994653329,,,,
162,12.0,0.0064517001853134,0.006458158343657,0.4454645221121609,0.1207961067557334,0.3677,3.0,1.0,0.0,2.083774673401881,,,,
163,12.0,0.0067345729237459,0.0067413142379839,0.4649957721121609,0.1207961067557334,0.3677,3.0,1.0,0.0,2.083774673401881,,,,
164,12.0,0.0065106575612506,0.0065171747359866,0.4454620628207935,0.1333038512926745,0.3677,3.0,1.0,0.0,2.084178623668573,,,,
165,12.0,0.0067345565067423,0.0067412978045469,0.4746491958917095,0.1207951056249723,0.3677,3.0,1.0,0.0,2.083775711993641,,,,
166,9.0,0.009213,0.033238,0.681277,0.04444,0.3677,3.0,1.0,0.0,,0.464368409756571,0.0143564013335853,0.0147901794351637,0.193549252487719
167,9.0,0.009213,0.033238,0.681277,0.04444,0.3677,3.0,1.0,0.0,,0.663990528229624,0.0133317369353026,0.0238241962566971,0.0628633931279182
168,12.0,0.0067345565067423,0.0067412978045469,0.4746491958917095,0.1332951056249723,0.3677,3.0,1.0,0.0,2.132863055743641,,,,
169,9.0,0.009213,0.033238,0.681277,0.04444,0.3677,3.0,1.0,0.0,,0.2202965759672224,0.0129023146433755,0.0158104599528014,-0.0269285134971141
170,12.0,0.0068562785488547,0.0068631416905453,0.4746491958917095,0.1332951056249723,0.3677,3.0,1.0,0.0,2.083775711993641,,,,
171,9.0,0.009213,0.033238,0.681277,0.04444,0.3677,3.0,1.0,0.0,,0.7727143090218306,0.0032189181512221,0.0293082590810954,0.0974210120737552
172,9.0,0.009213,0.033238,0.681277,0.04444,0.3677,3.0,1.0,0.0,,0.6116216335445642,0.0157944118399173,0.018084332793951,-0.0789385244250297
173,9.0,0.009213,0.033238,0.681277,0.04444,0.3677,3.0,1.0,0.0,,0.767379614058882,0.01054596191179,0.0075219413302838,0.0648539967834949
174,9.0,0.009213,0.033238,0.681277,0.04444,0.3677,3.0,1.0,0.0,,0.1788301166146993,0.0079807946262881,0.0178977174684405,-0.1799960581585765
175,9.0,0.009213,0.033238,0.681277,0.04444,0.3677,3.0,1.0,0.0,,0.1788301166146993,0.0079807946262881,0.0178977174684405,-0.1799960581585765
176,9.0,0.009213,0.033238,0.681277,0.04444,0.3677,3.0,1.0,0.0,,0.5152687128633261,0.0139257849212735,0.006350312821567,-0.0712541012093424
177,12.0,0.0067345565067423,0.0067412978045469,0.4746491958917095,0.1332951056249723,0.3677,3.0,1.0,0.0,2.132863055743641,,,,
178,9.0,0.009213,0.033238,0.681277,0.04444,0.3677,3.0,1.0,0.0,,0.5265428638085723,0.0078625395484268,0.0097377822138369,-0.0288658037781715
179,9.0,0.009213,0.033238,0.681277,0.04444,0.3677,3.0,1.0,0.0,,0.3202272986061871,0.0084044434223324,0.0135918487757444,0.069446195103228
180,9.0,0.009213,0.033238,0.681277,0.04444,0.3677,3.0,1.0,0.0,,0.1213293673470616,0.0168946258742362,0.0116918197087943,0.0237125655636191
181,9.0,0.009213,0.033238,0.681277,0.04444,0.3677,3.0,1.0,0.0,,0.8665790650993586,0.0068764203786849,0.0084580890759825,0.2474097736179828
182,9.0,0.009213,0.033238,0.681277,0.04444,0.3677,3.0,1.0,0.0,,0.5241686914116144,0.0081175892800092,0.0099668773375451,-0.2652377380058169
183,12.0,0.0064917712630212,0.0064982695325537,0.4563541093369039,0.1332961067557335,0.3677,3.0,1.0,0.0,2.132862017151881,,,,
184,12.0,0.0082917995125359,0.0083000996121481,0.4335456646573217,0.1932668770849704,0.3677,3.0,1.0,0.0,1.076409858295649,,,,
185,9.0,0.009213,0.033238,0.681277,0.04444,0.3677,3.0,1.0,0.0,,0.2903212229721248,0.0098222506921738,0.0256097845733165,0.2241447251290082
186,12.0,0.0086969454833967,0.0087056511345313,0.5819710765680198,0.2708912183344364,0.3677,3.0,1.0,0.0,0.6671488068274718,,,,
187,12.0,0.0064119544663658,0.006418372839205,0.4434268178204913,0.3395122779905796,0.3677,3.0,1.0,0.0,0.3533191128013313,,,,
188,9.0,0.009213,0.033238,0.681277,0.04444,0.3677,3.0,1.0,0.0,,0.1896154718473553,0.018830072059296,0.0169838466532528,0.2042136764153838
189,9.0,0.009213,0.033238,0.681277,0.04444,0.3677,3.0,1.0,0.0,,0.767379614058882,0.01054596191179,0.0075219413302838,0.0648539967834949
190,12.0,0.0060877326702833,0.0060938264967801,0.4920177458039692,0.3803717066347599,0.3677,3.0,1.0,0.0,0.1884787253654558,,,,
191,12.0,0.0068562785488547,0.0068631416905453,0.4746491958917095,0.1207951056249723,0.3677,3.0,1.0,0.0,2.132863055743641,,,,
192,12.0,0.0090428290435395,0.009051880924464,0.5207321619236671,0.4272359232604503,0.3677,3.0,1.0,0.0,0.6866201556627834,,,,
193,12.0,0.0065741508394508,0.0065807315710219,0.4551179458917095,0.1207951056249723,0.3677,3.0,1.0,0.0,2.132863055743641,,,,
194,12.0,0.0078014516838017,0.0078092609447464,0.496500451857086,0.4716262342035771,0.3677,3.0,1.0,0.0,0.5638098275616152,,,,
195,12.0,0.0068562785488547,0.0068631416905453,0.4746491958917095,0.1207951056249723,0.3677,3.0,1.0,0.0,2.083775711993641,,,,
196,12.0,0.0067345565067423,0.0067412978045469,0.4746491958917095,0.1332951056249723,0.3677,3.0,1.0,0.0,2.083775711993641,,,,
197,12.0,0.0064574375146303,0.0064639014160463,0.4551179458917095,0.1207951056249723,0.3677,3.0,1.0,0.0,2.132863055743641,,,,
198,12.0,0.0068562785488547,0.0068631416905453,0.4746491958917095,0.1332951056249723,0.3677,3.0,1.0,0.0,2.132863055743641,,,,
199,12.0,0.0067635917168726,0.0067703620789516,0.4682326347854812,0.1332951056249723,0.3677,3.0,1.0,0.0,2.1021765064837403,,,,
200,12.0,0.0086011896124789,0.0086097994118908,0.665395630560202,0.3065448527038097,0.3677,3.0,1.0,0.0,0.7899261775146399,,,,
201,12.0,0.0067345565067423,0.0067412978045469,0.4746491958917095,0.1207951056249723,0.3677,3.0,1.0,0.0,2.083775711993641,,,,
202,12.0,0.006631131331714,0.0066377691008148,0.4590626142189241,0.1332951056249723,0.3677,3.0,1.0,0.0,2.132863055743641,,,,
203,12.0,0.0066366839550522,0.0066433272823346,0.4635826817313113,0.1271368750444473,0.3677,3.0,1.0,0.0,2.132863055743641,,,,
204,12.0,0.0044090561707944,0.0044134696404348,0.3464967170963946,0.3892506112158298,0.3677,3.0,1.0,0.0,0.972967658978955,,,,
205,12.0,0.0107517155497411,0.0107624780277689,0.6478931706607757,0.2177995471656322,0.3677,3.0,1.0,0.0,0.0711294057770257,,,,
206,9.0,0.009213,0.033238,0.681277,0.04444,0.3677,3.0,1.0,0.0,,0.8160235825926065,0.0019718648586422,0.0103492369316518,-0.2638373427093028
207,12.0,0.0068159056871535,0.0068227284155691,0.4746491958917095,0.1288709045415005,0.3677,3.0,1.0,0.0,2.083775711993641,,,,
208,12.0,0.006815293371086,0.0068221154865725,0.4746491958917095,0.1207951056249723,0.3677,3.0,1.0,0.0,2.132863055743641,,,,
209,12.0,0.0065772247668164,0.0065838085753918,0.463560509685079,0.1332951056249723,0.3677,3.0,1.0,0.0,2.083775711993641,,,,
210,9.0,0.009213,0.033238,0.681277,0.04444,0.3677,3.0,1.0,0.0,,0.4044700791127979,0.0157588556017726,0.019725476309657,-0.2809894669800997
211,12.0,0.0067345565067423,0.0067412978045469,0.4746491958917095,0.1207951056249723,0.3677,3.0,1.0,0.0,2.132863055743641,,,,
212,12.0,0.0081239472618513,0.0081320793411925,0.5726960750044487,0.4159704761207103,0.3677,3.0,1.0,0.0,0.0367097643301911,,,,
213,12.0,0.0052086540926939,0.0052138679606545,0.4050789997802752,0.2057104597985744,0.3677,3.0,1.0,0.0,1.0889231979078848,,,,
214,12.0,0.0114633218458559,0.0114747966424984,0.6196435040467401,0.2621568323671818,0.3677,3.0,1.0,0.0,0.2228653275571828,,,,
215,12.0,0.0048522797320603,0.0048571368689293,0.3173802082275551,0.4630161537230015,0.3677,3.0,1.0,0.0,0.3187674841543644,,,,
216,12.0,0.006578544079992,0.0065851292092012,0.4078345244975352,0.2288766805827617,0.3677,3.0,1.0,0.0,0.9343279462955114,,,,
217,9.0,0.009213,0.033238,0.681277,0.04444,0.3677,3.0,1.0,0.0,,0.1764446621760725,0.0084574667876586,0.0277791365757584,0.0023133751004934
218,12.0,0.0036414772649465,0.0036451223873338,0.2649743833615295,0.3449043600261211,0.3677,3.0,1.0,0.0,0.8308527731965959,,,,
219,12.0,0.0089115206177014,0.0089204410587602,0.5967480828736917,0.340694632330497,0.3677,3.0,1.0,0.0,0.6772397258167447,,,,
220,12.0,0.0065283970011713,0.0065349319331045,0.4601191457767946,0.1207951056249723,0.3677,3.0,1.0,0.0,2.083775711993641,,,,
221,9.0,0.009213,0.033238,0.681277,0.04444,0.3677,3.0,1.0,0.0,,0.5041597700677812,0.0105544459298253,0.0196825217530131,0.0817162591964006
222,12.0,0.0100662615824556,0.010076337920376,0.6554718430608848,0.2707595248520374,0.3677,3.0,1.0,0.0,0.3484838890180984,,,,
223,12.0,0.0066702804293531,0.0066769573867398,0.4647279369032368,0.1207951056249723,0.3677,3.0,1.0,0.0,2.107124569403628,,,,
224,9.0,0.009213,0.033238,0.681277,0.04444,0.3677,3.0,1.0,0.0,,0.1900536023080348,0.0076707182107493,0.0245691797994077,0.2577755123376846
225,12.0,0.0066085139915747,0.0066151291206954,0.4584952377712596,0.1259700518946601,0.3677,3.0,1.0,0.0,2.083775711993641,,,,
226,12.0,0.0068127594341721,0.0068195790131853,0.4746491958917095,0.1332951056249723,0.3677,3.0,1.0,0.0,2.132863055743641,,,,
227,12.0,0.0048501796354393,0.0048550346701095,0.3642287251583746,0.2951110093295574,0.3677,3.0,1.0,0.0,0.4857504932685191,,,,
228,9.0,0.009213,0.033238,0.681277,0.04444,0.3677,3.0,1.0,0.0,,0.3016679720953106,0.011015052489005,0.0039785432294011,0.1344775395467877
229,12.0,0.0066234865455214,0.0066301166621835,0.4668210237279641,0.1280013644362594,0.3677,3.0,1.0,0.0,2.1079081025720297,,,,
230,12.0,0.0084097805040688,0.0084181987027716,0.5819052321830386,0.2680679249317665,0.3677,3.0,1.0,0.0,0.7189288718944566,,,,
231,12.0,0.0077755993276759,0.0077833827103863,0.4429976005465195,0.2218755162503795,0.3677,3.0,1.0,0.0,0.35248690475,,,,
232,9.0,0.009213,0.033238,0.681277,0.04444,0.3677,3.0,1.0,0.0,,0.7090435452759266,0.0125606861142441,0.0058595961444079,0.2745057161897421
233,12.0,0.0067432417567404,0.0067499917484889,0.4492587265017821,0.4093575884737254,0.3677,3.0,1.0,0.0,0.4317329108161468,,,,
234,12.0,0.0066268631561377,0.0066334966527905,0.4587671352516138,0.1332951056249723,0.3677,3.0,1.0,0.0,2.083775711993641,,,,
235,9.0,0.009213,0.033238,0.681277,0.04444,0.3677,3.0,1.0,0.0,,0.7241749382577837,0.0112175849359482,0.0109487879797816,-0.2873201435431838
236,12.0,0.0066039875284601,0.0066105981265867,0.4654467398000588,0.1332951056249723,0.3677,3.0,1.0,0.0,2.132863055743641,,,,
237,12.0,0.0076974996437486,0.0077052048485972,0.4446039946109757,0.4272540452728733,0.3677,3.0,1.0,0.0,0.2793653493929559,,,,
238,12.0,0.0078221869099669,0.0078300169268937,0.522518850765458,0.3543217132644467,0.3677,3.0,1.0,0.0,0.6904007266319804,,,,
239,12.0,0.0051430210911406,0.005148169260401,0.2872274762016773,0.4986588303744793,0.3677,3.0,1.0,0.0,0.4512318875084383,,,,
240,12.0,0.0066118358779041,0.0066184543322363,0.465999888734055,0.1207951056249723,0.3677,3.0,1.0,0.0,2.083775711993641,,,,
241,9.0,0.009213,0.033238,0.681277,0.04444,0.3677,3.0,1.0,0.0,,0.2971347169950604,0.0054647146370261,0.0264580911844968,0.2271955305710435
242,9.0,0.009213,0.033238,0.681277,0.04444,0.3677,3.0,1.0,0.0,,0.8237123761326074,0.0045546839907765,0.0051219229325652,-0.0517961505800485
243,12.0,0.0066297321002698,0.0066363684687385,0.4589657476644039,0.1207951056249723,0.3677,3.0,1.0,0.0,2.083775711993641,,,,
244,12.0,0.0066285777911454,0.0066352130041496,0.4671798529454676,0.1266384310529127,0.3677,3.0,1.0,0.0,2.1050338842551537,,,,
245,9.0,0.009213,0.033238,0.681277,0.04444,0.3677,3.0,1.0,0.0,,0.2825618680566549,0.001900902560912,0.012045370362699,0.2056584125384687
246,12.0,0.0089243641587066,0.0089332974561627,0.5283681425016444,0.4116526827606482,0.3677,3.0,1.0,0.0,0.8102458250331721,,,,
247,12.0,0.0041497000588864,0.0041538539127992,0.25,0.2298964784156645,0.3677,3.0,1.0,0.0,0.0714285578706515,,,,
248,12.0,0.0066238935197275,0.0066305240437713,0.4668497071281992,0.1332951056249723,0.3677,3.0,1.0,0.0,2.1136015343373087,,,,
249,9.0,0.009213,0.033238,0.681277,0.04444,0.3677,3.0,1.0,0.0,,0.5068185709416866,0.0180048310207203,0.0126759824939072,0.2909245211631059
250,9.0,0.009213,0.033238,0.681277,0.04444,0.3677,3.0,1.0,0.0,,0.5208101172931492,0.0015375401666387,0.0128531904518604,0.2469968151301145
251,12.0,0.0066372113107121,0.0066438551658779,0.4594835214387666,0.1268165014528141,0.3677,3.0,1.0,0.0,2.1106741525939787,,,,
252,9.0,0.009213,0.033238,0.681277,0.04444,0.3677,3.0,1.0,0.0,,0.5485429615713656,0.0034138749241828,0.0027855497039854,0.2445105163380503
253,12.0,0.0066494998065271,0.0066561559624896,0.4591200238399525,0.1145451056249723,0.3677,3.0,1.0,0.0,2.0825808975286275,,,,
254,12.0,0.0113262992997363,0.011337636936673,0.6325190634651147,0.504094131141901,0.3677,3.0,1.0,0.0,0.2234487480117219,,,,
255,9.0,0.009213,0.033238,0.681277,0.04444,0.3677,3.0,1.0,0.0,,0.6554657043889165,0.0040107978200539,0.0213750093802809,-0.2875650135800242
256,12.0,0.0068721569181086,0.0068790359540627,0.4744935619032368,0.1145451056249723,0.3677,3.0,1.0,0.0,2.0825808975286275,,,,
257,9.0,0.009213,0.033238,0.681277,0.04444,0.3677,3.0,1.0,0.0,,0.0842609822750091,0.0044783679433166,0.0058201811797916,-0.0167094536125659
258,9.0,0.009213,0.033238,0.681277,0.04444,0.3677,3.0,1.0,0.0,,0.7697542156092823,0.0068849313994869,0.0032393743954598,-0.2110912308096885
259,9.0,0.009213,0.033238,0.681277,0.04444,0.3677,3.0,1.0,0.0,,0.7048345080576837,0.0126844390863552,0.018534648194909,0.0609647965058684
260,12.0,0.0068721569181086,0.0068790359540627,0.4744935619032368,0.1270451056249723,0.3677,3.0,1.0,0.0,2.131668241278628,,,,
261,9.0,0.009213,0.033238,0.681277,0.04444,0.3677,3.0,1.0,0.0,,0.2435241565108299,0.006891826624982,0.0149882320947945,0.2129572927951812
262,12.0,0.0092015319432541,0.00921074268594,0.629543258516661,0.2570437994213732,0.3677,3.0,1.0,0.0,0.2232547900641917,,,,
263,12.0,0.0068721569181086,0.0068790359540627,0.4744935619032368,0.1145451056249723,0.3677,3.0,1.0,0.0,2.131668241278628,,,,
264,9.0,0.009213,0.033238,0.681277,0.04444,0.3677,3.0,1.0,0.0,,0.7951669775880873,0.0034689850406721,0.0040774282217025,0.0385322168469429
265,12.0,0.0068721569181086,0.0068790359540627,0.4744935619032368,0.1270451056249723,0.3677,3.0,1.0,0.0,2.131668241278628,,,,
266,9.0,0.009213,0.033238,0.681277,0.04444,0.3677,3.0,1.0,0.0,,0.2452668748795985,0.0134425269514322,0.0084375663474202,0.269616768322885
267,9.0,0.009213,0.033238,0.681277,0.04444,0.3677,3.0,1.0,0.0,,0.0736250185407698,0.0138125667795538,0.0210305744223296,0.0562962217256426
268,12.0,0.0097341693492357,0.0097439132624982,0.669993678419932,0.2614558847520289,0.3677,3.0,1.0,0.0,0.4874612459014791,,,,
269,12.0,0.0067942546331812,0.00680105568887,0.4744935619032368,0.1145451056249723,0.3677,3.0,1.0,0.0,2.131668241278628,,,,
270,9.0,0.009213,0.033238,0.681277,0.04444,0.3677,3.0,1.0,0.0,,0.0979120330885052,0.0086339120846241,0.0045149267613887,-0.2064362732693553
271,9.0,0.009213,0.033238,0.681277,0.04444,0.3677,3.0,1.0,0.0,,0.7311779093928635,0.017336997709237,0.0028475787490606,-0.0234593627974391
272,9.0,0.009213,0.033238,0.681277,0.04444,0.3677,3.0,1.0,0.0,,0.8460060986690223,0.0019887197874486,0.0237910894565284,-0.0228061722591519
273,12.0,0.0066508926038815,0.0066575501540356,0.459216190645453,0.1270451056249723,0.3677,3.0,1.0,0.0,2.0825808975286275,,,,
274,9.0,0.009213,0.033238,0.681277,0.04444,0.3677,3.0,1.0,0.0,,0.3786347677931189,0.0052755956109613,0.0274979846291244,-0.1533520393073559
275,12.0,0.0068192281829217,0.0068260542371588,0.4744935619032368,0.1210329022840749,0.3677,3.0,1.0,0.0,2.131668241278628,,,,
276,9.0,0.009213,0.033238,0.681277,0.04444,0.3677,3.0,1.0,0.0,,0.0775250460021197,0.0194029121855273,0.0226009719409048,0.2396944519132375
277,9.0,0.009213,0.033238,0.681277,0.04444,0.3677,3.0,1.0,0.0,,0.5090401700697839,0.0104440720500424,0.026261254992336,0.1600060656666755
278,12.0,0.0094307198714909,0.0094401600315224,0.5905516691783348,0.4507697729476734,0.3677,3.0,1.0,0.0,0.4885743613647483,,,,
279,9.0,0.009213,0.033238,0.681277,0.04444,0.3677,3.0,1.0,0.0,,0.3912182248197495,0.0096833053193986,0.0106729599200189,-0.1526592364534735
280,12.0,0.0067297299471872,0.0067364664136008,0.4646595779664748,0.1186029707304608,0.3677,3.0,1.0,0.0,2.107132377521927,,,,
281,9.0,0.009213,0.033238,0.681277,0.04444,0.3677,3.0,1.0,0.0,,0.8068289625458419,0.0089467484094202,0.028700478747487,-0.0049383094534277
282,12.0,0.0065145198891119,0.0065210409300419,0.4579515288216307,0.1145451056249723,0.3677,3.0,1.0,0.0,2.0825808975286275,,,,
283,9.0,0.009213,0.033238,0.681277,0.04444,0.3677,3.0,1.0,0.0,,0.3577400276437401,0.0148560175653547,0.0270128226205706,-0.030423148535192
284,12.0,0.0101637115686871,0.0101738854541412,0.649257734578942,0.4804243563882152,0.3677,3.0,1.0,0.0,0.487026370269551,,,,
285,9.0,0.009213,0.033238,0.681277,0.04444,0.3677,3.0,1.0,0.0,,0.231575075443834,0.0171968204192817,0.0189306381754577,-0.2736594367772341
286,9.0,0.009213,0.033238,0.681277,0.04444,0.3677,3.0,1.0,0.0,,0.1105113696306943,0.010241509928368,0.0129895105361938,-0.0091247085481881
287,12.0,0.0067498360672099,0.0067565926598698,0.4744935619032368,0.1270451056249723,0.3677,3.0,1.0,0.0,2.0825808975286275,,,,
288,12.0,0.0068473521884432,0.006854206394838,0.4744935619032368,0.1270451056249723,0.3677,3.0,1.0,0.0,2.0825808975286275,,,,
289,9.0,0.009213,0.033238,0.681277,0.04444,0.3677,3.0,1.0,0.0,,0.2989558002911507,0.0115133358705788,0.0270009630210697,-0.1881305845454335
290,9.0,0.009213,0.033238,0.681277,0.04444,0.3677,3.0,1.0,0.0,,0.5013525265268981,0.0044668497061356,0.0029829200319945,-0.2460390362888574
291,12.0,0.0089967641157412,0.0090057698856268,0.5491732048006762,0.4688297269693924,0.3677,3.0,1.0,0.0,0.6650063847000689,,,,
292,12.0,0.0066644472182591,0.0066711183365957,0.4647283488779636,0.1145451056249723,0.3677,3.0,1.0,0.0,2.0825808975286275,,,,
293,12.0,0.0066498750374781,0.0066565315690472,0.467466596421902,0.1145451056249723,0.3677,3.0,1.0,0.0,2.0825808975286275,,,,
294,9.0,0.009213,0.033238,0.681277,0.04444,0.3677,3.0,1.0,0.0,,0.0852301213890314,0.0082304567042738,0.0274725762382149,-0.1129968971014022
295,9.0,0.009213,0.033238,0.681277,0.04444,0.3677,3.0,1.0,0.0,,0.917842137813568,0.0109720890875905,0.0088107996582984,-0.0421058239415287
296,12.0,0.0094314280732571,0.0094408689421993,0.5284231130384508,0.4436069502895258,0.3677,3.0,1.0,0.0,0.3578300304996633,,,,
297,9.0,0.009213,0.033238,0.681277,0.04444,0.3677,3.0,1.0,0.0,,0.6304761555977165,0.0169586692880839,0.0127736181877553,0.0107719391584396
298,12.0,0.0104807264249826,0.0104912176426253,0.6026665555418841,0.1840941311419009,0.3677,3.0,1.0,0.0,0.2233337288411252,,,,
299,9.0,0.009213,0.033238,0.681277,0.04444,0.3677,3.0,1.0,0.0,,0.4939035786315798,0.0059169542845338,0.0246533134579658,0.1507664646953344
300,12.0,0.0066662264625069,0.0066728993618687,0.4602749291584916,0.1145451056249723,0.3677,3.0,1.0,0.0,2.0825808975286275,,,,
301,9.0,0.009213,0.033238,0.681277,0.04444,0.3677,3.0,1.0,0.0,,0.5308303573168814,0.0133477199366316,0.0089782129526138,0.1207708921283483
302,9.0,0.009213,0.033238,0.681277,0.04444,0.3677,3.0,1.0,0.0,,0.6171421318314969,0.0150861067604273,0.0036978399381041,-0.1524561211466789
303,9.0,0.009213,0.033238,0.681277,0.04444,0.3677,3.0,1.0,0.0,,0.1179706649854779,0.0173602240700274,0.0291332467831671,-0.1731305960565805
304,12.0,0.0064719972380404,0.0064784757137541,0.4549623119032368,0.1145451056249723,0.3677,3.0,1.0,0.0,2.131668241278628,,,,
305,9.0,0.009213,0.033238,0.681277,0.04444,0.3677,3.0,1.0,0.0,,0.850413129851222,0.0139735769694671,0.0201793974861502,0.0874712945893406
306,12.0,0.0080095664914307,0.0080175840755062,0.6192781892692827,0.2716163453057228,0.3677,3.0,1.0,0.0,0.3524680650217641,,,,
307,9.0,0.009213,0.033238,0.681277,0.04444,0.3677,3.0,1.0,0.0,,0.411736421380192,0.0063146634018048,0.0198709119334816,0.1540308242663741
308,12.0,0.0065892830804354,0.0065958789593948,0.4549623119032368,0.1145451056249723,0.3677,3.0,1.0,0.0,2.131668241278628,,,,
309,9.0,0.009213,0.033238,0.681277,0.04444,0.3677,3.0,1.0,0.0,,0.810171309299767,0.0091988687831908,0.0040721879899501,0.2877845535054803
310,9.0,0.009213,0.033238,0.681277,0.04444,0.3677,3.0,1.0,0.0,,0.6629578400403261,0.0166085593951866,0.0153902541883289,-0.1481083190068602
311,9.0,0.009213,0.033238,0.681277,0.04444,0.3677,3.0,1.0,0.0,,0.8613202758133411,0.0143179431650787,0.0297721925079822,0.0287474736571312
312,12.0,0.006641275347201,0.0066479232704714,0.4668620635665467,0.1145451056249723,0.3677,3.0,1.0,0.0,2.131668241278628,,,,
313,12.0,0.0092974334463622,0.0093067401865488,0.6530120337546591,0.2537209806073393,0.3677,3.0,1.0,0.0,0.3452368650881015,,,,
314,9.0,0.009213,0.033238,0.681277,0.04444,0.3677,3.0,1.0,0.0,,0.3555042438209056,0.0086041741110384,0.0100239086933434,-0.1138873105868697
315,9.0,0.009213,0.033238,0.681277,0.04444,0.3677,3.0,1.0,0.0,,0.108537666965276,0.0067494659861549,0.0209097131937742,-0.0315967032685876
316,12.0,0.0066743202513496,0.0066810012526022,0.4643058134646373,0.1145451056249723,0.3677,3.0,1.0,0.0,2.131668241278628,,,,
317,9.0,0.009213,0.033238,0.681277,0.04444,0.3677,3.0,1.0,0.0,,0.940965422336012,0.0136189877670258,0.0218764778003096,0.2479121899232267
318,12.0,0.0066529222133526,0.0066595817951477,0.4593563266520459,0.1270451056249723,0.3677,3.0,1.0,0.0,2.131668241278628,,,,
319,12.0,0.0093816536918869,0.0093910447366235,0.643416356857087,0.2189257754792734,0.3677,3.0,1.0,0.0,1.0864402495861478,,,,
320,9.0,0.009213,0.033238,0.681277,0.04444,0.3677,3.0,1.0,0.0,,0.5564862757921218,0.0119116735896095,0.0060158650539815,0.1993795651942491
321,12.0,0.006650120257155,0.0066567770341892,0.4674838346417291,0.1145451056249723,0.3677,3.0,1.0,0.0,2.1043310505097508,,,,
322,9.0,0.009213,0.033238,0.681277,0.04444,0.3677,3.0,1.0,0.0,,0.2353888170793652,0.0063451052522286,0.0100079434998333,-0.0328571029007435
323,12.0,0.006649659809724,0.0066563161258499,0.4674514665457601,0.1145451056249723,0.3677,3.0,1.0,0.0,2.131668241278628,,,,
324,12.0,0.0135571709840809,0.0135707417258067,0.6829569472465664,0.3552537003716453,0.3677,3.0,1.0,0.0,0.666925713722495,,,,
325,9.0,0.009213,0.033238,0.681277,0.04444,0.3677,3.0,1.0,0.0,,0.2314354924485087,0.0085539308274164,0.0254068029113113,0.2630880463868379
326,12.0,0.0066571161746044,0.006663779954559,0.463630299223863,0.1270451056249723,0.3677,3.0,1.0,0.0,2.102845189487008,,,,
327,12.0,0.0121342629718737,0.0121464093812549,0.6243394022014634,0.3599143449867358,0.3677,3.0,1.0,0.0,0.6768135247728897,,,,
328,9.0,0.009213,0.033238,0.681277,0.04444,0.3677,3.0,1.0,0.0,,0.2390984110534191,0.0040763148134574,0.004789020255208,-0.1769903417676687
329,12.0,0.0066745444121865,0.0066812256378243,0.4652033223062968,0.1145451056249723,0.3677,3.0,1.0,0.0,2.0825808975286275,,,,
330,9.0,0.009213,0.033238,0.681277,0.04444,0.3677,3.0,1.0,0.0,,0.3255858476273715,0.003121895706281,0.0284750055409967,-0.0608292449265718
331,9.0,0.009213,0.033238,0.681277,0.04444,0.3677,3.0,1.0,0.0,,0.4805275321938096,0.0172189966449514,0.0184543919563293,-0.003952564112842
332,9.0,0.009213,0.033238,0.681277,0.04444,0.3677,3.0,1.0,0.0,,0.7196776306256651,0.0063862350489944,0.0156093848086893,-0.1503511067479848
333,9.0,0.009213,0.033238,0.681277,0.04444,0.3677,3.0,1.0,0.0,,0.8370673303492367,0.0034918175963684,0.0130673455484211,0.2334473507478833
334,9.0,0.009213,0.033238,0.681277,0.04444,0.3677,3.0,1.0,0.0,,0.8578821532428265,0.0017388578429818,0.0196507582068443,-0.1170153988525271
335,12.0,0.006657557465775,0.0066642216874625,0.4680066484661797,0.1270451056249723,0.3677,3.0,1.0,0.0,2.131668241278628,,,,
336,12.0,0.0066717051941341,0.0066783835777118,0.4606532125585213,0.1145451056249723,0.3677,3.0,1.0,0.0,2.131668241278628,,,,
337,9.0,0.009213,0.033238,0.681277,0.04444,0.3677,3.0,1.0,0.0,,0.097534932103008,0.0191374980630353,0.0128089045584201,-0.0543114479631185
338,12.0,0.0066700081603553,0.0066766848452005,0.4688818955626627,0.1181418757459427,0.3677,3.0,1.0,0.0,2.109914933694052,,,,
339,9.0,0.009213,0.033238,0.681277,0.04444,0.3677,3.0,1.0,0.0,,0.2269631662406027,0.0166386008579283,0.018877846006304,0.0517585376277566
340,12.0,0.0101185620097903,0.0101286907004908,0.6829569472465664,0.4985476282108651,0.3677,3.0,1.0,0.0,0.2512785313325084,,,,
341,9.0,0.009213,0.033238,0.681277,0.04444,0.3677,3.0,1.0,0.0,,0.2357194798067212,0.002495409133844,0.01729459996894,0.2862211223691701
342,9.0,0.009213,0.033238,0.681277,0.04444,0.3677,3.0,1.0,0.0,,0.2044228137470781,0.0061044075619429,0.015920769136399,0.1866548890247941
343,12.0,0.0066761777706485,0.0066828606312798,0.4609620251753583,0.1145451056249723,0.3677,3.0,1.0,0.0,2.1076191941959337,,,,
344,12.0,0.0066641616175437,0.0066708324499937,0.4656559293608092,0.1270451056249723,0.3677,3.0,1.0,0.0,2.0825808975286275,,,,
345,12.0,0.0066734219074019,0.0066801020094113,0.4676772085034025,0.1145451056249723,0.3677,3.0,1.0,0.0,2.131668241278628,,,,
346,9.0,0.009213,0.033238,0.681277,0.04444,0.3677,3.0,1.0,0.0,,0.3222898905165493,0.0132307154089212,0.0064155870750546,0.0943584892898797
347,12.0,0.0066725773203111,0.006679256576888,0.4658077720859515,0.122762356373663,0.3677,3.0,1.0,0.0,2.131668241278628,,,,
348,9.0,0.009213,0.033238,0.681277,0.04444,0.3677,3.0,1.0,0.0,,0.4215719904750585,0.0159709521951153,0.0040065363496541,0.2067187199369073
349,12.0,0.006266244927329,0.0062725174447738,0.3875732645750449,0.239938108279951,0.3677,3.0,1.0,0.0,0.5463918500981019,,,,
350,9.0,0.009213,0.033238,0.681277,0.04444,0.3677,3.0,1.0,0.0,,0.6853298210538924,0.0027621935140341,0.017838775422424,0.0640170827507972
351,12.0,0.0065465020012784,0.0065530550563348,0.3957643829644129,0.202282267525442,0.3677,3.0,1.0,0.0,0.3234402011529327,,,,
352,12.0,0.006654010685111,0.0066606713564675,0.4594314810537625,0.1270451056249723,0.3677,3.0,1.0,0.0,2.0825808975286275,,,,
353,12.0,0.0083339447580215,0.0083422870450666,0.4277846288294003,0.1615446146276072,0.3677,3.0,1.0,0.0,0.5937272285110177,,,,
354,12.0,0.0086800496837466,0.0086887384221687,0.4963482182830975,0.1925943511273936,0.3677,3.0,1.0,0.0,0.4064484692726926,,,,
355,12.0,0.0075326729581938,0.0075402131713652,0.4159076325953409,0.1757885360267237,0.3677,3.0,1.0,0.0,0.528710232405138,,,,
356,12.0,0.0098726547249595,0.0098825372622218,0.513750607928674,0.1891005967404918,0.3677,3.0,1.0,0.0,0.2031433698762612,,,,
357,12.0,0.0096625554318514,0.009672227659511,0.5268002502978252,0.1713576826598719,0.3677,3.0,1.0,0.0,0.1337086776158349,,,,
358,12.0,0.0074442244705132,0.0074516761466599,0.4323491257042096,0.2200427749898509,0.3677,3.0,1.0,0.0,0.2628393095480741,,,,
359,12.0,0.0087569609922888,0.0087657267190078,0.4680595327526734,0.2551322330977992,0.3677,3.0,1.0,0.0,0.4153586014181585,,,,
360,12.0,0.0058787276439245,0.0058846122561806,0.3499148626238511,0.2221996078040675,0.3677,3.0,1.0,0.0,0.4813597651167975,,,,
361,12.0,0.0072483756036911,0.007255631234926,0.4547952041387961,0.236386546447523,0.3677,3.0,1.0,0.0,0.1874079849189431,,,,
362,12.0,0.0081768962298448,0.008185081311156,0.4568659440040992,0.2728883574750499,0.3677,3.0,1.0,0.0,0.359160324582556,,,,
363,12.0,0.0066123631212692,0.0066189821033725,0.3741231933594153,0.2694443252828197,0.3677,3.0,1.0,0.0,0.2470284081210897,,,,
364,12.0,0.0083950034137967,0.0084034068206173,0.4920637268931077,0.2506260542419032,0.3677,3.0,1.0,0.0,0.117958173822555,,,,
365,12.0,0.0066616859592644,0.006668354313578,0.4647122769529027,0.1270451056249723,0.3677,3.0,1.0,0.0,2.131668241278628,,,,
366,12.0,0.0068276627449403,0.0068344972421825,0.3601944495350525,0.2837013959434108,0.3677,3.0,1.0,0.0,0.307644411071776,,,,
367,9.0,0.009213,0.033238,0.681277,0.04444,0.3677,3.0,1.0,0.0,,0.6589754561893642,0.0068416173867881,0.0109139672406017,0.1693750128149986
368,12.0,0.006678888819801,0.0066855743941952,0.465840574081882,0.1145451056249723,0.3677,3.0,1.0,0.0,2.107976416669672,,,,
369,9.0,0.009213,0.033238,0.681277,0.04444,0.3677,3.0,1.0,0.0,,0.6289306843653321,0.006621876515448,0.0152723340578377,0.241809868812561
370,12.0,0.0087171220646782,0.0087258479125908,0.5348853312790798,0.206855804875143,0.3677,3.0,1.0,0.0,0.4626316647230045,,,,
371,12.0,0.0057770478293265,0.0057828306599864,0.3429976005465195,0.1578755162503795,0.3677,3.0,1.0,0.0,0.3672020243269213,,,,
372,12.0,0.0057090646664581,0.005714779445904,0.3429976005465195,0.1578755162503795,0.3677,3.0,1.0,0.0,0.10115970475,,,,
373,12.0,0.0086488333189017,0.0086574908097114,0.4755989880089786,0.1578755162503795,0.3677,3.0,1.0,0.0,0.10115970475,,,,
374,12.0,0.0084498515268633,0.0084583098367,0.4906107826015981,0.2359416716425394,0.3677,3.0,1.0,0.0,0.10115970475,,,,
375,9.0,0.009213,0.033238,0.681277,0.04444,0.3677,3.0,1.0,0.0,,0.2809935821220278,0.0056304195569828,0.0270761164277791,-0.0733003774657845
376,12.0,0.0081200797467888,0.0081282079547436,0.4454798119207036,0.1890322405268526,0.3677,3.0,1.0,0.0,0.1481544501081957,,,,
377,12.0,0.0083251596788004,0.0083334931719723,0.4805557507148044,0.2598892505526196,0.3677,3.0,1.0,0.0,0.10115970475,,,,
378,12.0,0.0080065844120758,0.0080145990110868,0.4391698854747446,0.1856762692048126,0.3677,3.0,1.0,0.0,0.203411666784963,,,,
379,12.0,0.0081687182536562,0.008176895148805,0.5177268121673213,0.1578755162503795,0.3677,3.0,1.0,0.0,0.1756844188604213,,,,
380,12.0,0.0079751628140346,0.0079831459599946,0.4149929395559225,0.1853693122530296,0.3677,3.0,1.0,0.0,0.1520440587048835,,,,
381,12.0,0.0086289759971268,0.0086376136107376,0.501119468754128,0.1795301112449396,0.3677,3.0,1.0,0.0,0.10115970475,,,,
382,12.0,0.0082459937460793,0.0082542479940734,0.5166735769224687,0.1890589531250234,0.3677,3.0,1.0,0.0,0.10115970475,,,,
383,12.0,0.0082538773483314,0.0082621394878193,0.490564618505554,0.272926285353065,0.3677,3.0,1.0,0.0,0.1068300240001117,,,,
384,12.0,0.0081255657134262,0.008133699412839,0.5149918387729076,0.1578755162503795,0.3677,3.0,1.0,0.0,0.2041465022714744,,,,
385,12.0,0.0085002797315531,0.0085087885200732,0.45438611214494,0.1578755162503795,0.3677,3.0,1.0,0.0,0.10115970475,,,,
386,12.0,0.0085618936384649,0.0085704641025675,0.5028731128123216,0.1578755162503795,0.3677,3.0,1.0,0.0,0.1307558703222769,,,,
387,12.0,0.0089149330508124,0.0089238569077201,0.5429976005465196,0.1578755162503795,0.3677,3.0,1.0,0.0,0.2620621017028646,,,,
388,12.0,0.0097100101370386,0.0097197298669055,0.5429976005465196,0.2375497080048569,0.3677,3.0,1.0,0.0,0.4616802661675989,,,,
389,12.0,0.0089416463486549,0.0089505969456005,0.5429976005465196,0.1578755162503795,0.3677,3.0,1.0,0.0,0.2174205879121203,,,,
390,12.0,0.0093528928637441,0.0093622551188629,0.5234862319317769,0.1932050162647003,0.3677,3.0,1.0,0.0,0.6038141047500001,,,,
391,12.0,0.0080687186064514,0.0080767954018532,0.511388914720311,0.1578755162503795,0.3677,3.0,1.0,0.0,0.247748288418166,,,,
392,12.0,0.0089181305735725,0.0089270576312037,0.4552354061096751,0.1578755162503795,0.3677,3.0,1.0,0.0,0.104515085213165,,,,
393,12.0,0.0085674419540055,0.0085760179719775,0.5429976005465196,0.1578755162503795,0.3677,3.0,1.0,0.0,0.5204058400744216,,,,
394,12.0,0.0085674419540055,0.0085760179719775,0.5429976005465196,0.2858755162503795,0.3677,3.0,1.0,0.0,0.435864227620225,,,,
395,12.0,0.0085215342671216,0.008530064331453,0.5130363682483662,0.1578755162503795,0.3677,3.0,1.0,0.0,0.10115970475,,,,
396,12.0,0.0143822787155837,0.0143966753909747,0.7056877003051341,0.1119563736021518,0.3677,3.0,1.0,0.0,2.6721907978446127,,,,
397,12.0,0.0180817355263918,0.0180998353617535,0.9616771466098726,0.7188302576541901,0.3677,3.0,1.0,0.0,1.6125038739534747,,,,
398,12.0,0.0268576120655052,0.045130281604175,1.3172062961384654,0.1951567530632019,0.3677,3.0,1.0,0.0,0.6373979070391319,,,,
399,12.0,0.0106077650107148,0.0106183833941089,0.3574803061783314,0.7864117480814458,0.3677,3.0,1.0,0.0,1.2905294145110997,,,,
400,12.0,0.0077846522328679,0.0077924446775454,0.7253065761178732,0.7525659129023552,0.3677,3.0,1.0,0.0,0.3357344563165214,,,,
401,12.0,0.0077174818826671,0.0077252070897569,0.4445349550805986,0.6973050564527512,0.3677,3.0,1.0,0.0,0.9116793960693106,,,,
402,12.0,0.0242581197161387,0.024282402118257,1.2343669552356005,0.5592367246747018,0.3677,3.0,1.0,0.0,1.509289317968115,,,,
403,12.0,0.0058377250209007,0.0058435685894902,0.5285979001782835,0.5128912001848221,0.3677,3.0,1.0,0.0,2.7827009084256367,,,,
404,12.0,0.0314546280358752,0.0314861141500252,0.7799189267680049,0.0229318648576736,0.3677,3.0,1.0,0.0,3.07854702350636,,,,
405,12.0,0.0070862229142336,0.0070933162304641,0.5797923901118338,0.277542195469141,0.3677,3.0,1.0,0.0,1.3892531025183297,,,,
406,12.0,0.0065339326650181,0.0065404731381563,0.4552301471121609,0.1270461067557335,0.3677,3.0,1.0,0.0,2.108318345276881,,,,
407,12.0,0.0331103787022147,0.0331435222244392,0.8886009720154107,0.3328248396515846,0.3677,3.0,1.0,0.0,2.484014797766441,,,,
408,12.0,0.0045835459283456,0.004588134062408,0.3858762243762612,0.0379210822284221,0.3677,3.0,1.0,0.0,1.677310847280454,,,,
409,12.0,0.0026855184277519,0.0165833887606925,1.449298317078501,0.3061268039047718,0.3677,3.0,1.0,0.0,2.2591997498312777,,,,
410,12.0,0.0150449614404867,0.0150600214619487,0.444342682632629,0.0765695745201801,0.3677,3.0,1.0,0.0,1.8808701106727848,,,,
411,12.0,0.0253134205331834,0.0253387592924759,0.5156206089178417,0.027224277958736,0.3677,3.0,1.0,0.0,2.7014334730068787,,,,
412,12.0,0.0093292661609795,0.0093386047657453,0.3999118299134256,0.0438294313470291,0.3677,3.0,1.0,0.0,1.9823737677828053,,,,
413,12.0,0.0038586358587314,0.0038624983570884,0.2932328879833221,0.4020255722105503,0.3677,3.0,1.0,0.0,2.376250377292484,,,,
414,12.0,0.0120716861468175,0.0120837699167343,0.8084470322355628,0.3885453671216965,0.3677,3.0,1.0,0.0,1.0104975299879628,,,,
415,12.0,0.0271179512214891,0.0271450963178069,1.0316370762884617,0.6078544802963735,0.3677,3.0,1.0,0.0,1.9637431041759903,,,,
416,12.0,0.0278209229413005,0.0278487717130135,0.6206688910389278,0.3348958962771663,0.3677,3.0,1.0,0.0,2.0370027261033465,,,,
417,12.0,0.0196905448397861,0.019710255094881,1.2084413608536124,0.2169927179813385,0.3677,3.0,1.0,0.0,1.9080547782668285,,,,
418,12.0,0.0142473728832905,0.0142616345178083,0.8407359417258399,0.1328965364485475,0.3677,3.0,1.0,0.0,1.8036006561832711,,,,
419,12.0,0.0131436260617831,0.0131567828446277,0.7052301471121609,0.2870461067557335,0.3677,3.0,1.0,0.0,1.4800003452768808,,,,
420,12.0,0.0253782881290428,0.0254036918208636,0.9552301471121608,0.337057217905674,0.3677,3.0,1.0,0.0,2.494858102831737,,,,
421,12.0,0.0052299144852859,0.0052351496349209,0.3931342575829615,0.0582453992159489,0.3677,3.0,1.0,0.0,1.773158079985972,,,,
422,12.0,0.0150023879165703,0.0150174053218922,0.967861452485044,0.0632955665247104,0.3677,3.0,1.0,0.0,1.701832056479458,,,,
423,12.0,0.0138322286183117,0.0138460746930048,0.8890858549405946,0.3374737338068271,0.3677,3.0,1.0,0.0,2.5454104405334297,,,,
424,12.0,0.0098690036462733,0.0098788825288021,0.9487350224517286,0.4906939387321472,0.3677,3.0,1.0,0.0,0.5390517510558944,,,,
425,12.0,0.0352658745670581,0.0353011757428009,0.955918093857876,0.0318470296099944,0.3677,3.0,1.0,0.0,2.705819780202339,,,,
426,12.0,0.0075617356694495,0.0075693049744239,0.5500795641150661,0.2018610664517909,0.3677,3.0,1.0,0.0,1.810031754433289,,,,
427,12.0,0.0062240851181835,0.0062303154336171,0.3339574971854976,0.0,0.3677,3.0,1.0,0.0,2.736636345276881,,,,
428,12.0,0.0038487167571249,0.0038525693264513,0.3297877194445486,0.0,0.3677,3.0,1.0,0.0,2.736636345276881,,,,
429,12.0,0.0051535867091926,0.0051587454546473,0.3306820788132622,0.0,0.3677,3.0,1.0,0.0,2.736636345276881,,,,
430,12.0,0.0168048345829751,0.0168216562392143,1.1816632896661758,0.5796908624470234,0.3677,3.0,1.0,0.0,0.1049904317034687,,,,
431,12.0,0.0131436260617831,0.0131567828446277,0.7052301471121609,0.0,0.3677,3.0,1.0,0.0,2.736636345276881,,,,
432,12.0,0.0061047174188753,0.0061108282471224,0.4607049775748069,0.0264796538094968,0.3677,3.0,1.0,0.0,2.70072739070625,,,,
433,12.0,0.0049978860961334,0.0050028889851185,0.3882342948601804,0.0470461067557334,0.3677,3.0,1.0,0.0,2.0388240212601234,,,,
434,12.0,0.0131436260617831,0.0131567828446277,0.7052301471121609,0.2870461067557335,0.3677,3.0,1.0,0.0,2.296792911396957,,,,
435,12.0,0.0131436260617831,0.0131567828446277,0.7052301471121609,0.2870461067557335,0.3677,3.0,1.0,0.0,1.5640685317025922,,,,
436,12.0,0.0048794648236673,0.0048843491728401,0.4181101592701345,0.0,0.3677,3.0,1.0,0.0,2.3865136152647,,,,
437,12.0,0.0053628593189016,0.0053682275464481,0.3863355160501081,0.0470461067557334,0.3677,3.0,1.0,0.0,2.3812665458693263,,,,
438,12.0,0.005224017774946,0.0052292470219679,0.405800135933927,0.2070461067557335,0.3677,3.0,1.0,0.0,1.8695504516375256,,,,
439,12.0,0.0046593392652047,0.0046640032684731,0.25,0.0,0.3677,3.0,1.0,0.0,2.2645123603034647,,,,
440,12.0,0.0046593392652047,0.0046640032684731,0.25,0.0,0.3677,3.0,1.0,0.0,1.4800003452768808,,,,
441,12.0,0.003428220539437,0.0034316521916286,0.25,0.0,0.3677,3.0,1.0,0.0,2.736636345276881,,,,
442,12.0,0.0035751224150528,0.0035787011161689,0.25,0.0,0.3677,3.0,1.0,0.0,1.4800003452768808,,,,
443,12.0,0.002917571311939,0.0029204918037428,0.25,0.2870461067557335,0.3677,3.0,1.0,0.0,1.4800003452768808,,,,
444,12.0,0.0078840927613101,0.0078919847460562,0.5177301471121609,0.1670461067557335,0.3677,3.0,1.0,0.0,2.265397845276881,,,,
445,12.0,0.015009208336658,0.0150242325692272,1.1972772169120578,0.2045997099302456,0.3677,3.0,1.0,0.0,1.8487971537327093,,,,
446,12.0,0.0078840927613101,0.0078919847460562,0.5177301471121609,0.1670461067557335,0.3677,3.0,1.0,0.0,1.951238845276881,,,,
447,12.0,0.0078840927613101,0.0078919847460562,0.5177301471121609,0.0870461067557334,0.3677,3.0,1.0,0.0,1.951238845276881,,,,
448,12.0,0.0312722782805622,0.0313035818624247,1.39876656094566,0.084263540059328,0.3677,3.0,1.0,0.0,0.2034310804114677,,,,
449,12.0,0.0059805690807579,0.0059865556363943,0.3927301471121609,0.1670461067557335,0.3677,3.0,1.0,0.0,1.951238845276881,,,,
450,12.0,0.0094095925727264,0.0094190115843107,0.5802301471121609,0.2070461067557335,0.3677,3.0,1.0,0.0,1.794159345276881,,,,
451,12.0,0.0058412460726103,0.005847093165776,0.4537462452093732,0.2070461067557335,0.3677,3.0,1.0,0.0,2.422477345276881,,,,
452,12.0,0.0053305250717074,0.0053358609326401,0.3927301471121609,0.1670461067557335,0.3677,3.0,1.0,0.0,2.265397845276881,,,,
453,12.0,0.006329578021381,0.0063359139353163,0.4536642411010126,0.1470461067557334,0.3677,3.0,1.0,0.0,2.029778595276881,,,,
454,12.0,0.0059805690807579,0.0059865556363943,0.3927301471121609,0.0870461067557334,0.3677,3.0,1.0,0.0,1.951238845276881,,,,
455,12.0,0.0094095925727264,0.0094190115843107,0.5802301471121609,0.0470461067557334,0.3677,3.0,1.0,0.0,2.422477345276881,,,,
456,12.0,0.0046593392652047,0.0046640032684731,0.25,0.2870461067557335,0.3677,3.0,1.0,0.0,2.736636345276881,,,,
457,12.0,0.0070271496849769,0.0070341838688458,0.5177301471121609,0.0870461067557334,0.3677,3.0,1.0,0.0,1.951238845276881,,,,
458,12.0,0.0053553424533735,0.0053607031565301,0.3302301471121609,0.2070461067557335,0.3677,3.0,1.0,0.0,1.794159345276881,,,,
459,12.0,0.0046579088844729,0.0046625714559288,0.3302301471121609,0.0470461067557334,0.3677,3.0,1.0,0.0,1.794159345276881,,,,
460,12.0,0.0059154219740794,0.0059213433173968,0.4239801471121609,0.1070461067557334,0.3677,3.0,1.0,0.0,2.029778595276881,,,,
461,12.0,0.0062978903528553,0.0063041945474027,0.4135679015448567,0.1670461067557335,0.3677,3.0,1.0,0.0,2.265397845276881,,,,
462,12.0,0.0064396008461505,0.0064460468930435,0.4490507649416316,0.1670461067557335,0.3677,3.0,1.0,0.0,1.951238845276881,,,,
463,12.0,0.0064580411158179,0.0064645056214394,0.3982266094653771,0.2070461067557335,0.3677,3.0,1.0,0.0,1.794159345276881,,,,
464,12.0,0.0062202970575937,0.0062265235811748,0.4396051471121609,0.1370461067557335,0.3677,3.0,1.0,0.0,2.147588220276881,,,,
465,12.0,0.0064016414841601,0.0064080495336938,0.4396051471121609,0.1170461067557334,0.3677,3.0,1.0,0.0,2.147588220276881,,,,
466,12.0,0.0064038566861125,0.0064102669530656,0.4718086013272587,0.0870461067557334,0.3677,3.0,1.0,0.0,1.951238845276881,,,,
467,12.0,0.006585587793888,0.0065921799738619,0.4324603274686902,0.0870461067557334,0.3677,3.0,1.0,0.0,1.951238845276881,,,,
468,12.0,0.0064843965537335,0.0064908874411747,0.4582697698428504,0.1170461067557334,0.3677,3.0,1.0,0.0,2.147588220276881,,,,
469,12.0,0.0065316668829152,0.0065382050880032,0.4485340811503278,0.1170461067557334,0.3677,3.0,1.0,0.0,2.147588220276881,,,,
470,12.0,0.0064016414841601,0.0064080495336938,0.4396051471121609,0.1370461067557335,0.3677,3.0,1.0,0.0,2.069048470276881,,,,
471,12.0,0.0059154219740794,0.0059213433173968,0.4239801471121609,0.1070461067557334,0.3677,3.0,1.0,0.0,2.186858095276881,,,,
472,12.0,0.0065850323583556,0.0065916239823379,0.4324238533011962,0.1179821349378699,0.3677,3.0,1.0,0.0,2.265397845276881,,,,
473,12.0,0.0063570778329438,0.006363441274218,0.4683621367408303,0.1670461067557335,0.3677,3.0,1.0,0.0,2.265397845276881,,,,
474,12.0,0.0065042641830031,0.0065107749579611,0.4466523187998544,0.1370461067557335,0.3677,3.0,1.0,0.0,2.147588220276881,,,,
475,12.0,0.0064600312473025,0.0064664977450475,0.4759473012458032,0.0870461067557334,0.3677,3.0,1.0,0.0,1.951238845276881,,,,
476,12.0,0.0061509597864202,0.0061571169033235,0.3669766094653771,0.2270461067557335,0.3677,3.0,1.0,0.0,1.872699095276881,,,,
477,12.0,0.0061509597864202,0.0061571169033235,0.3669766094653771,0.1870461067557335,0.3677,3.0,1.0,0.0,1.715619595276881,,,,
478,12.0,0.0233765030044546,0.023399902907362,0.6926844115383133,0.5270461067557336,0.3677,3.0,1.0,0.0,0.5375233452768808,,,,
479,12.0,0.0061509597864202,0.0061571169033235,0.3669766094653771,0.1870461067557335,0.3677,3.0,1.0,0.0,1.872699095276881,,,,
480,12.0,0.0073201417085428,0.0073274691777205,0.4220770316596872,0.2470461067557335,0.3677,3.0,1.0,0.0,1.6370798452768809,,,,
481,12.0,0.0062573999367096,0.0062636636003099,0.3983816623118216,0.1870461067557335,0.3677,3.0,1.0,0.0,1.872699095276881,,,,
482,12.0,0.0062431186025589,0.0062493679705295,0.3974724313698146,0.1870461067557335,0.3677,3.0,1.0,0.0,1.715619595276881,,,,
483,12.0,0.0063971179708015,0.0064035214922938,0.3973595245746237,0.1870461067557335,0.3677,3.0,1.0,0.0,1.872699095276881,,,,
484,12.0,0.0062592911997815,0.006265556756538,0.3985020708735359,0.1870461067557335,0.3677,3.0,1.0,0.0,1.715619595276881,,,,
485,12.0,0.0177455154580744,0.0177632787368112,0.5258289458512229,0.5270461067557336,0.3677,3.0,1.0,0.0,2.4602829927036534,,,,
486,12.0,0.0142006510266123,0.0142148658925048,0.648226609465377,0.0470461067557334,0.3677,3.0,1.0,0.0,1.1658413452768808,,,,
487,12.0,0.0079627562196898,0.0079707269466364,0.4607266094653771,0.2470461067557335,0.3677,3.0,1.0,0.0,1.951238845276881,,,,
488,12.0,0.0068221777541799,0.0068290067609409,0.4138516094653771,0.1970461067557335,0.3677,3.0,1.0,0.0,1.754889470276881,,,,
489,12.0,0.0066042238392149,0.0066108346738888,0.4138516094653771,0.2170461067557335,0.3677,3.0,1.0,0.0,1.833429220276881,,,,
490,12.0,0.0068221777541799,0.0068290067609409,0.4138516094653771,0.1970461067557335,0.3677,3.0,1.0,0.0,1.833429220276881,,,,
491,12.0,0.0054767309839086,0.0054822131971057,0.25,0.3670461067557335,0.3677,3.0,1.0,0.0,1.1658413452768808,,,,
492,12.0,0.0066042238392149,0.0066108346738888,0.4138516094653771,0.2170461067557335,0.3677,3.0,1.0,0.0,1.754889470276881,,,,
493,12.0,0.0068221777541799,0.0068290067609409,0.4138516094653771,0.2170461067557335,0.3677,3.0,1.0,0.0,1.754889470276881,,,,
494,12.0,0.0066042238392149,0.0066108346738888,0.4138516094653771,0.2083770414962609,0.3677,3.0,1.0,0.0,1.754889470276881,,,,
495,12.0,0.0061055378603394,0.0061116495098492,0.3826016094653771,0.2170461067557335,0.3677,3.0,1.0,0.0,1.754889470276881,,,,
496,12.0,0.0106554287752057,0.0106660948700757,0.648226609465377,0.3670461067557335,0.3677,3.0,1.0,0.0,2.422477345276881,,,,
497,12.0,0.0142006510266123,0.0142148658925048,0.648226609465377,0.3367631927840586,0.3677,3.0,1.0,0.0,1.1658413452768808,,,,
498,12.0,0.0097515611443278,0.0097613224667946,0.523226609465377,0.1270461067557335,0.3677,3.0,1.0,0.0,2.108318345276881,,,,
499,12.0,0.0303130786330494,0.0303434220551045,0.898226609465377,0.5270461067557336,0.3677,3.0,1.0,0.0,0.5375233452768808,,,,
500,12.0,0.0089857107175249,0.0089947054229478,0.4101767433860698,0.0470461067557334,0.3677,3.0,1.0,0.0,1.1658413452768808,,,,
501,12.0,0.0142006510266123,0.0142148658925048,0.648226609465377,0.3670461067557335,0.3677,3.0,1.0,0.0,2.134772270174784,,,,
502,12.0,0.0078527379291498,0.0078605985276775,0.523226609465377,0.1270461067557335,0.3677,3.0,1.0,0.0,1.4800003452768808,,,,
503,12.0,0.0297943531538291,0.0298241773311602,0.8828559163700409,0.2034750585163376,0.3677,3.0,1.0,0.0,3.050795345276881,,,,
504,12.0,0.0303130786330494,0.0303434220551045,0.898226609465377,0.5270461067557336,0.3677,3.0,1.0,0.0,3.050795345276881,,,,
505,12.0,0.0142006510266123,0.0142148658925048,0.648226609465377,0.0470461067557334,0.3677,3.0,1.0,0.0,2.422477345276881,,,,
506,12.0,0.0031773992271414,0.0031805798069484,0.25,0.0483770414962609,0.3677,3.0,1.0,0.0,1.1265714702768808,,,,
507,12.0,0.0064816461868889,0.0064881343212101,0.4126584537614968,0.2270461067557335,0.3677,3.0,1.0,0.0,1.872699095276881,,,,
508,12.0,0.0050922218791231,0.0050973191983214,0.2732266094653771,0.2870461067557335,0.3677,3.0,1.0,0.0,2.108318345276881,,,,
509,12.0,0.0057278876898926,0.0057336213112038,0.404805250817278,0.288377041496261,0.3677,3.0,1.0,0.0,2.069048470276881,,,,
510,12.0,0.0056530781354184,0.0056587368722907,0.3995182581068763,0.288377041496261,0.3677,3.0,1.0,0.0,1.4407304702768808,,,,
511,12.0,0.0055200667801876,0.0055255923725602,0.3253352827633874,0.288377041496261,0.3677,3.0,1.0,0.0,1.4407304702768808,,,,
512,12.0,0.0052586159723574,0.0052638798522096,0.2888516094653771,0.288377041496261,0.3677,3.0,1.0,0.0,1.4407304702768808,,,,
513,12.0,0.0052848366024497,0.0052901267291789,0.2888516094653771,0.288377041496261,0.3677,3.0,1.0,0.0,1.7772411055431316,,,,
514,12.0,0.0041824705901438,0.0041866572473912,0.2888516094653771,0.288377041496261,0.3677,3.0,1.0,0.0,1.4407304702768808,,,,
515,12.0,0.004317057837603,0.0043213792168199,0.3396691388924771,0.3683770414962609,0.3677,3.0,1.0,0.0,1.1265714702768808,,,,
516,2.0,0.009213,0.033238,0.681277,0.04444,0.3677,3.0,2.0,0.0,,,,,
517,2.0,0.0226581222005188,0.0298441813923418,1.045029739383608,0.7394074521958829,0.3677,3.0,2.0,0.0,,,,,
518,2.0,0.0302595600979402,0.041476482592523,0.9564480835106224,0.5558385707437993,0.3677,3.0,2.0,0.0,,,,,
519,2.0,0.0102392282392829,0.0150387428393587,0.7902995995245874,0.0002091079950332,0.3677,3.0,2.0,0.0,,,,,
520,2.0,0.0133625278566032,0.0479581935368478,1.3980349185876548,0.66394462287426,0.3677,3.0,2.0,0.0,,,,,
521,2.0,0.0052067976472899,0.0192918258439749,1.1896620595362035,0.2070306733250618,0.3677,3.0,2.0,0.0,,,,,
522,2.0,0.0208539492720738,0.0294033641582354,1.442432203097269,0.675429454445839,0.3677,3.0,2.0,0.0,,,,,
523,2.0,0.0495749037945643,0.049236032272689,1.319020217983052,0.2865485832095146,0.3677,3.0,2.0,0.0,,,,,
524,2.0,0.0242017777031287,0.024352958231233,1.4110873334575444,0.3053940363228321,0.3677,3.0,2.0,0.0,,,,,
525,2.0,0.0148627533074468,0.0259660383714363,1.2844274749513716,0.608187609165907,0.3677,3.0,2.0,0.0,,,,,
526,2.0,0.001255998074077,0.0206925472812727,0.7844775330740958,0.5130118243396282,0.3677,3.0,2.0,0.0,,,,,
527,2.0,0.0095670040883123,0.0177656495878472,0.8778321403078735,0.7115092843770982,0.3677,3.0,2.0,0.0,,,,,
528,2.0,0.0231667128512635,0.0437667546411976,1.2151278075762093,0.3840936630964279,0.3677,3.0,2.0,0.0,,,,,
529,2.0,0.0195734854405745,0.0330380940465256,0.7588368034921587,0.0638894885778427,0.3677,3.0,2.0,0.0,,,,,
530,2.0,0.0080140841268002,0.022677204365842,0.9597195298410952,0.1600052557885647,0.3677,3.0,2.0,0.0,,,,,
531,2.0,0.0344283732036128,0.0392932883780449,1.2242944757454095,0.483817857503891,0.3677,3.0,2.0,0.0,,,,,
532,2.0,0.0411443637032061,0.0483034417470917,1.4218107329215854,0.0910770960152149,0.3677,3.0,2.0,0.0,,,,,
533,2.0,0.017191990093328,0.0043564426684752,0.3086781173478812,0.5459297455847264,0.3677,3.0,2.0,0.0,,,,,
534,2.0,0.0173407961148768,0.0016003097211942,0.5954652964137495,0.2759539231657982,0.3677,3.0,2.0,0.0,,,,,
535,2.0,0.0203671086262911,0.0045959289399906,1.2023236425593495,0.4233124546706677,0.3677,3.0,2.0,0.0,,,,,
536,2.0,0.0311665481738746,0.0168317838832736,0.777003122260794,0.4067764170467853,0.3677,3.0,2.0,0.0,,,,,
537,2.0,0.04034777904674411,0.007890324785374105,1.4691187089774758,0.5298946827650071,0.3677,3.0,2.0,0.0,,,,,
