,0
0,FINISHED
1,FINISHED
2,FINISHED
3,FINISHED
4,FINISHED
5,FINISHED
6,FINISHED
7,FINISHED
8,FINISHED
9,FINISHED
10,FINISHED
11,FINISHED
12,FINISHED
13,FINISHED
14,FINISHED
15,FINISHED
16,FINISHED
17,FINISHED
18,FINISHED
19,FINISHED
20,FINISHED
21,FINISHED
22,FINISHED
23,FINISHED
24,FINISHED
25,FINISHED
26,FINISHED
27,FINISHED
28,FINISHED
29,FINISHED
30,FINISHED
31,FINISHED
32,FINISHED
33,FINISHED
34,FINISHED
35,FINISHED
36,FINISHED
37,FINISHED
38,FINISHED
39,FINISHED
40,FINISHED
41,FINISHED
42,FINISHED
43,FINISHED
44,FINISHED
45,FINISHED
46,FINISHED
47,FINISHED
48,FINISHED
49,FINISHED
50,FINISHED
51,FINISHED
52,FINISHED
53,FINISHED
54,FINISHED
55,FINISHED
56,FINISHED
57,FINISHED
58,FINISHED
59,FINISHED
60,FINISHED
61,FINISHED
62,FINISHED
63,FINISHED
64,FINISHED
65,FINISHED
66,FINISHED
67,FINISHED
68,FINISHED
69,FINISHED
70,FINISHED
71,FINISHED
72,FINISHED
73,FINISHED
74,FINISHED
75,FINISHED
76,FINISHED
77,FINISHED
78,FINISHED
79,FINISHED
80,FINISHED
81,FINISHED
82,FINISHED
83,FINISHED
84,FINISHED
85,FINISHED
86,FINISHED
87,FINISHED
88,FINISHED
89,FINISHED
90,FINISHED
91,FINISHED
92,FINISHED
93,FINISHED
94,FINISHED
95,FINISHED
96,FINISHED
97,FINISHED
98,FINISHED
99,FINISHED
100,FINISHED
101,FINISHED
102,FINISHED
103,FINISHED
104,FINISHED
105,FINISHED
106,FINISHED
107,FINISHED
108,FINISHED
109,FINISHED
110,FINISHED
111,FINISHED
112,FINISHED
113,FINISHED
114,FINISHED
115,FINISHED
116,FINISHED
117,FINISHED
118,FINISHED
119,FINISHED
120,FINISHED
121,FINISHED
122,FINISHED
123,FINISHED
124,FINISHED
125,FINISHED
126,FINISHED
127,FINISHED
128,FINISHED
129,FINISHED
130,FINISHED
131,FINISHED
132,FINISHED
133,FINISHED
134,FINISHED
135,FINISHED
136,FINISHED
137,FINISHED
138,FINISHED
139,FINISHED
140,FINISHED
141,FINISHED
142,FINISHED
143,FINISHED
144,FINISHED
145,FINISHED
146,FINISHED
147,FINISHED
148,FINISHED
149,FINISHED
150,FINISHED
151,FINISHED
152,FINISHED
153,FINISHED
154,FINISHED
155,FINISHED
156,FINISHED
157,FINISHED
158,FINISHED
159,FINISHED
160,FINISHED
161,FINISHED
162,FINISHED
163,FINISHED
164,FINISHED
165,FINISHED
166,FINISHED
167,FINISHED
168,FINISHED
169,FINISHED
170,FINISHED
171,FINISHED
172,FINISHED
173,FINISHED
174,FINISHED
175,FINISHED
176,FINISHED
177,FINISHED
178,FINISHED
179,FINISHED
180,FINISHED
181,FINISHED
182,FINISHED
183,FINISHED
184,FINISHED
185,FINISHED
186,FINISHED
187,FINISHED
188,FINISHED
189,FINISHED
190,FINISHED
191,FINISHED
192,FINISHED
193,FINISHED
194,FINISHED
195,FINISHED
196,FINISHED
197,FINISHED
198,FINISHED
199,FINISHED
200,FINISHED
201,FINISHED
202,FINISHED
203,FINISHED
204,FINISHED
205,FINISHED
206,FINISHED
207,FINISHED
208,FINISHED
209,FINISHED
210,FINISHED
211,FINISHED
212,FINISHED
213,FINISHED
214,FINISHED
215,FINISHED
216,FINISHED
217,FINISHED
218,FINISHED
219,FINISHED
220,FINISHED
221,FINISHED
222,FINISHED
223,FINISHED
224,FINISHED
225,FINISHED
226,FINISHED
227,FINISHED
228,FINISHED
229,FINISHED
230,FINISHED
231,FINISHED
232,FINISHED
233,FINISHED
234,FINISHED
235,FINISHED
236,FINISHED
237,FINISHED
238,FINISHED
239,FINISHED
240,FINISHED
241,FINISHED
242,FINISHED
243,FINISHED
244,FINISHED
245,FINISHED
246,FINISHED
247,FINISHED
248,FINISHED
249,FINISHED
250,FINISHED
251,FINISHED
252,FINISHED
253,FINISHED
254,FINISHED
255,FINISHED
256,FINISHED
257,FINISHED
258,FINISHED
259,FINISHED
260,FINISHED
261,FINISHED
262,FINISHED
263,FINISHED
264,FINISHED
265,FINISHED
266,FINISHED
267,FINISHED
268,FINISHED
269,FINISHED
270,FINISHED
271,FINISHED
272,FINISHED
273,FINISHED
274,FINISHED
275,FINISHED
276,FINISHED
277,FINISHED
278,FINISHED
279,FINISHED
280,FINISHED
281,FINISHED
282,FINISHED
283,FINISHED
284,FINISHED
285,FINISHED
286,FINISHED
287,FINISHED
288,FINISHED
289,FINISHED
290,FINISHED
291,FINISHED
292,FINISHED
293,FINISHED
294,FINISHED
295,FINISHED
296,FINISHED
297,FINISHED
298,FINISHED
299,FINISHED
300,FINISHED
301,FINISHED
302,FINISHED
303,FINISHED
304,FINISHED
305,FINISHED
306,FINISHED
307,FINISHED
308,FINISHED
309,FINISHED
310,FINISHED
311,FINISHED
312,FINISHED
313,FINISHED
314,FINISHED
315,FINISHED
316,FINISHED
317,FINISHED
318,FINISHED
319,FINISHED
320,FINISHED
321,FINISHED
322,FINISHED
323,FINISHED
324,FINISHED
325,FINISHED
326,FINISHED
327,FINISHED
328,FINISHED
329,FINISHED
330,FINISHED
331,FINISHED
332,FINISHED
333,FINISHED
334,FINISHED
335,FINISHED
336,FINISHED
337,FINISHED
338,FINISHED
339,FINISHED
340,FINISHED
341,FINISHED
342,FINISHED
343,FINISHED
344,FINISHED
345,FINISHED
346,FINISHED
347,FINISHED
348,FINISHED
349,FINISHED
350,FINISHED
351,FINISHED
352,FINISHED
353,FINISHED
354,FINISHED
355,FINISHED
356,FINISHED
357,FINISHED
358,FINISHED
359,FINISHED
360,FINISHED
361,FINISHED
362,FINISHED
363,FINISHED
364,FINISHED
365,FINISHED
366,FINISHED
367,FINISHED
368,FINISHED
369,FINISHED
370,FINISHED
371,FINISHED
372,FINISHED
373,FINISHED
374,FINISHED
375,FINISHED
376,FINISHED
377,FINISHED
378,FINISHED
379,FINISHED
380,FINISHED
381,FINISHED
382,FINISHED
383,FINISHED
384,FINISHED
385,FINISHED
386,FINISHED
387,FINISHED
388,FINISHED
389,FINISHED
390,FINISHED
391,FINISHED
392,FINISHED
393,FINISHED
394,FINISHED
395,FINISHED
396,FINISHED
397,FINISHED
398,FINISHED
399,FINISHED
400,FINISHED
401,FINISHED
402,FINISHED
403,FINISHED
404,FINISHED
405,FINISHED
406,FINISHED
407,FINISHED
408,FINISHED
409,FINISHED
410,FINISHED
411,FINISHED
412,FINISHED
413,FINISHED
414,FINISHED
415,FINISHED
416,FINISHED
417,FINISHED
418,FINISHED
419,FINISHED
420,FINISHED
421,FINISHED
422,FINISHED
423,FINISHED
424,FINISHED
425,FINISHED
426,FINISHED
427,FINISHED
428,FINISHED
429,FINISHED
430,FINISHED
431,FINISHED
432,FINISHED
433,FINISHED
434,FINISHED
435,FINISHED
436,FINISHED
437,FINISHED
438,FINISHED
439,FINISHED
440,FINISHED
441,FINISHED
442,FINISHED
443,FINISHED
444,FINISHED
445,FINISHED
446,FINISHED
447,FINISHED
448,FINISHED
449,FINISHED
450,FINISHED
451,FINISHED
452,FINISHED
453,FINISHED
454,FINISHED
455,FINISHED
456,FINISHED
457,FINISHED
458,FINISHED
459,FINISHED
460,FINISHED
461,FINISHED
462,FINISHED
463,FINISHED
464,FINISHED
465,FINISHED
466,FINISHED
467,FINISHED
468,FINISHED
469,FINISHED
470,FINISHED
471,FINISHED
472,FINISHED
473,FINISHED
474,FINISHED
475,FINISHED
476,FINISHED
477,FINISHED
478,FINISHED
479,FINISHED
480,FINISHED
481,FINISHED
482,FINISHED
483,FINISHED
484,FINISHED
485,FINISHED
486,FINISHED
487,FINISHED
488,FINISHED
489,FINISHED
490,FINISHED
491,FINISHED
492,FINISHED
493,FINISHED
494,FINISHED
495,FINISHED
496,FINISHED
497,FINISHED
498,FINISHED
499,FINISHED
500,FINISHED
501,FINISHED
502,FINISHED
503,FINISHED
504,FINISHED
505,FINISHED
506,FINISHED
507,FINISHED
508,FINISHED
509,FINISHED
510,FINISHED
511,FINISHED
512,FINISHED
513,FINISHED
514,FINISHED
515,FINISHED
516,FINISHED
517,FINISHED
518,FINISHED
519,FINISHED
520,FINISHED
521,FINISHED
522,FINISHED
523,FINISHED
524,FINISHED
525,FINISHED
526,FINISHED
527,FINISHED
528,FINISHED
529,FINISHED
530,FINISHED
531,FINISHED
532,FINISHED
533,FINISHED
534,FINISHED
535,FINISHED
536,FINISHED
537,FINISHED
